relative_path,subject,label,scenario,repetition
sub1\ADLs\AXR_AS_trial1.xlsx,sub1,ADL,AS,1
sub1\ADLs\AXR_AS_trial2.xlsx,sub1,ADL,AS,2
sub1\ADLs\AXR_AS_trial3.xlsx,sub1,ADL,AS,3
sub1\ADLs\AXR_DS_trial1.xlsx,sub1,ADL,DS,1
sub1\ADLs\AXR_DS_trial2.xlsx,sub1,ADL,DS,2
sub1\ADLs\AXR_DS_trial3.xlsx,sub1,ADL,DS,3
sub1\ADLs\JXL_DSL_trial1.xlsx,sub1,ADL,DSL,1
sub1\ADLs\JXL_DSL_trial2.xlsx,sub1,ADL,DSL,2
sub1\ADLs\JXL_DSL_trial3.xlsx,sub1,ADL,DSL,3
sub1\ADLs\JXL_DSS_trial1.xlsx,sub1,ADL,DSS,1
sub1\ADLs\JXL_DSS_trial2.xlsx,sub1,ADL,DSS,2
sub1\ADLs\JXL_DSS_trial3.xlsx,sub1,ADL,DSS,3
sub1\ADLs\JXL_NW_trial1.xlsx,sub1,ADL,NW,1
sub1\ADLs\JXL_NW_trial2.xlsx,sub1,ADL,NW,2
sub1\ADLs\JXL_NW_trial3.xlsx,sub1,ADL,NW,3
sub1\ADLs\JXL_POG_trial1.xlsx,sub1,ADL,POG,1
sub1\ADLs\JXL_POG_trial2.xlsx,sub1,ADL,POG,2
sub1\ADLs\JXL_POG_trial3.xlsx,sub1,ADL,POG,3
sub1\ADLs\JXL_RSS_trial1.xlsx,sub1,ADL,RSS,1
sub1\ADLs\JXL_RSS_trial2.xlsx,sub1,ADL,RSS,2
sub1\ADLs\JXL_RSS_trial3.xlsx,sub1,ADL,RSS,3
sub1\ADLs\JXL_SQ_trial1.xlsx,sub1,ADL,SQ,1
sub1\ADLs\JXL_SQ_trial2.xlsx,sub1,ADL,SQ,2
sub1\ADLs\JXL_SQ_trial3.xlsx,sub1,ADL,SQ,3
sub1\Falls\AXR_ITCS_trial1.xlsx,sub1,Fall,ITCS,1
sub1\Falls\AXR_ITCS_trial3.xlsx,sub1,Fall,ITCS,3
sub1\Falls\AXR_ITCS_trial4.xlsx,sub1,Fall,ITCS,4
sub1\Falls\AXR_slip_trial1.xlsx,sub1,Fall,slip,1
sub1\Falls\AXR_slip_trial2.xlsx,sub1,Fall,slip,2
sub1\Falls\AXR_slip_trial6.xlsx,sub1,Fall,slip,6
sub1\Falls\JXL_HB_trial2.xlsx,sub1,Fall,HB,2
sub1\Falls\JXL_HB_trial3.xlsx,sub1,Fall,HB,3
sub1\Falls\JXL_HB_trial4.xlsx,sub1,Fall,HB,4
sub1\Falls\JXL_ITDS_trial1.xlsx,sub1,Fall,ITDS,1
sub1\Falls\JXL_ITDS_trial2.xlsx,sub1,Fall,ITDS,2
sub1\Falls\JXL_ITDS_trial3.xlsx,sub1,Fall,ITDS,3
sub1\Falls\JXL_ITRS_trial1.xlsx,sub1,Fall,ITRS,1
sub1\Falls\JXL_ITRS_trial2.xlsx,sub1,Fall,ITRS,2
sub1\Falls\JXL_ITRS_trial4.xlsx,sub1,Fall,ITRS,4
sub1\Falls\JXL_LCC_trial1.xlsx,sub1,Fall,LCC,1
sub1\Falls\JXL_LCC_trial2.xlsx,sub1,Fall,LCC,2
sub1\Falls\JXL_LCC_trial3.xlsx,sub1,Fall,LCC,3
sub1\Falls\JXL_trip_trial1.xlsx,sub1,Fall,trip,1
sub1\Falls\JXL_trip_trial2.xlsx,sub1,Fall,trip,2
sub1\Falls\JXL_trip_trial4.xlsx,sub1,Fall,trip,4
sub1\Near_Falls\AXR_ITCS_trial2.xlsx,sub1,Near_Fall,ITCS,2
sub1\Near_Falls\AXR_ITCS_trial5.xlsx,sub1,Near_Fall,ITCS,5
sub1\Near_Falls\AXR_ITCS_trial6.xlsx,sub1,Near_Fall,ITCS,6
sub1\Near_Falls\AXR_slip_trial3.xlsx,sub1,Near_Fall,slip,3
sub1\Near_Falls\AXR_slip_trial4.xlsx,sub1,Near_Fall,slip,4
sub1\Near_Falls\AXR_slip_trial5.xlsx,sub1,Near_Fall,slip,5
sub1\Near_Falls\JXL_HB_trial1.xlsx,sub1,Near_Fall,HB,1
sub1\Near_Falls\JXL_HB_trial5.xlsx,sub1,Near_Fall,HB,5
sub1\Near_Falls\JXL_HB_trial6.xlsx,sub1,Near_Fall,HB,6
sub1\Near_Falls\JXL_ITRS_trial3.xlsx,sub1,Near_Fall,ITRS,3
sub1\Near_Falls\JXL_ITRS_trial5.xlsx,sub1,Near_Fall,ITRS,5
sub1\Near_Falls\JXL_ITRS_trial6.xlsx,sub1,Near_Fall,ITRS,6
sub1\Near_Falls\JXL_trip_trial3.xlsx,sub1,Near_Fall,trip,3
sub1\Near_Falls\JXL_trip_trial5.xlsx,sub1,Near_Fall,trip,5
sub1\Near_Falls\JXL_trip_trial6.xlsx,sub1,Near_Fall,trip,6
sub2\ADLs\TXI_AS_trial1.xlsx,sub2,ADL,AS,1
sub2\ADLs\TXI_AS_trial2.xlsx,sub2,ADL,AS,2
sub2\ADLs\TXI_AS_trial3.xlsx,sub2,ADL,AS,3
sub2\ADLs\TXI_DS_trial1.xlsx,sub2,ADL,DS,1
sub2\ADLs\TXI_DS_trial2.xlsx,sub2,ADL,DS,2
sub2\ADLs\TXI_DS_trial3.xlsx,sub2,ADL,DS,3
sub2\ADLs\TXI_DSL_trial1.xlsx,sub2,ADL,DSL,1
sub2\ADLs\TXI_DSL_trial2.xlsx,sub2,ADL,DSL,2
sub2\ADLs\TXI_DSL_trial3.xlsx,sub2,ADL,DSL,3
sub2\ADLs\TXI_DSS_trial1.xlsx,sub2,ADL,DSS,1
sub2\ADLs\TXI_DSS_trial2.xlsx,sub2,ADL,DSS,2
sub2\ADLs\TXI_DSS_trial3.xlsx,sub2,ADL,DSS,3
sub2\ADLs\TXI_NW_trial1.xlsx,sub2,ADL,NW,1
sub2\ADLs\TXI_NW_trial2.xlsx,sub2,ADL,NW,2
sub2\ADLs\TXI_NW_trial3.xlsx,sub2,ADL,NW,3
sub2\ADLs\TXI_POG_trial1.xlsx,sub2,ADL,POG,1
sub2\ADLs\TXI_POG_trial2.xlsx,sub2,ADL,POG,2
sub2\ADLs\TXI_POG_trial3.xlsx,sub2,ADL,POG,3
sub2\ADLs\TXI_RSS_trial1.xlsx,sub2,ADL,RSS,1
sub2\ADLs\TXI_RSS_trial2.xlsx,sub2,ADL,RSS,2
sub2\ADLs\TXI_RSS_trial3.xlsx,sub2,ADL,RSS,3
sub2\ADLs\TXI_SQ_trial1.xlsx,sub2,ADL,SQ,1
sub2\ADLs\TXI_SQ_trial2.xlsx,sub2,ADL,SQ,2
sub2\ADLs\TXI_SQ_trial3.xlsx,sub2,ADL,SQ,3
sub2\Falls\TXI_CS_trial1.xlsx,sub2,Fall,CS,1
sub2\Falls\TXI_CS_trial4.xlsx,sub2,Fall,CS,4
sub2\Falls\TXI_CS_trial5.xlsx,sub2,Fall,CS,5
sub2\Falls\TXI_HB_trial1.xlsx,sub2,Fall,HB,1
sub2\Falls\TXI_HB_trial2.xlsx,sub2,Fall,HB,2
sub2\Falls\TXI_HB_trial4.xlsx,sub2,Fall,HB,4
sub2\Falls\TXI_ITDS_trial1.xlsx,sub2,Fall,ITDS,1
sub2\Falls\TXI_ITDS_trial2.xlsx,sub2,Fall,ITDS,2
sub2\Falls\TXI_ITDS_trial3.xlsx,sub2,Fall,ITDS,3
sub2\Falls\TXI_ITRS_trial2.xlsx,sub2,Fall,ITRS,2
sub2\Falls\TXI_ITRS_trial3.xlsx,sub2,Fall,ITRS,3
sub2\Falls\TXI_ITRS_trial5.xlsx,sub2,Fall,ITRS,5
sub2\Falls\TXI_LCC_trial1.xlsx,sub2,Fall,LCC,1
sub2\Falls\TXI_LCC_trial2.xlsx,sub2,Fall,LCC,2
sub2\Falls\TXI_LCC_trial3.xlsx,sub2,Fall,LCC,3
sub2\Falls\TXI_slip_trial1.xlsx,sub2,Fall,slip,1
sub2\Falls\TXI_slip_trial2.xlsx,sub2,Fall,slip,2
sub2\Falls\TXI_slip_trial5.xlsx,sub2,Fall,slip,5
sub2\Falls\TXI_trip_trial2.xlsx,sub2,Fall,trip,2
sub2\Falls\TXI_trip_trial4.xlsx,sub2,Fall,trip,4
sub2\Falls\TXI_trip_trial5.xlsx,sub2,Fall,trip,5
sub2\Near_Falls\TXI_CS_trial2.xlsx,sub2,Near_Fall,CS,2
sub2\Near_Falls\TXI_CS_trial3.xlsx,sub2,Near_Fall,CS,3
sub2\Near_Falls\TXI_CS_trial6.xlsx,sub2,Near_Fall,CS,6
sub2\Near_Falls\TXI_HB_trial3.xlsx,sub2,Near_Fall,HB,3
sub2\Near_Falls\TXI_HB_trial5.xlsx,sub2,Near_Fall,HB,5
sub2\Near_Falls\TXI_HB_trial6.xlsx,sub2,Near_Fall,HB,6
sub2\Near_Falls\TXI_ITRS_trial1.xlsx,sub2,Near_Fall,ITRS,1
sub2\Near_Falls\TXI_ITRS_trial4.xlsx,sub2,Near_Fall,ITRS,4
sub2\Near_Falls\TXI_ITRS_trial6.xlsx,sub2,Near_Fall,ITRS,6
sub2\Near_Falls\TXI_slip_trial3.xlsx,sub2,Near_Fall,slip,3
sub2\Near_Falls\TXI_slip_trial4.xlsx,sub2,Near_Fall,slip,4
sub2\Near_Falls\TXI_slip_trial7.xlsx,sub2,Near_Fall,slip,7
sub2\Near_Falls\TXI_trip_trial1.xlsx,sub2,Near_Fall,trip,1
sub2\Near_Falls\TXI_trip_trial3.xlsx,sub2,Near_Fall,trip,3
sub2\Near_Falls\TXI_trip_trial6.xlsx,sub2,Near_Fall,trip,6
sub3\ADLs\CXR_AS_trial1.xlsx,sub3,ADL,AS,1
sub3\ADLs\CXR_AS_trial2.xlsx,sub3,ADL,AS,2
sub3\ADLs\CXR_AS_trial3.xlsx,sub3,ADL,AS,3
sub3\ADLs\CXR_DS_trial1.xlsx,sub3,ADL,DS,1
sub3\ADLs\CXR_DS_trial2.xlsx,sub3,ADL,DS,2
sub3\ADLs\CXR_DS_trial3.xlsx,sub3,ADL,DS,3
sub3\ADLs\CXR_DSL_trial1.xlsx,sub3,ADL,DSL,1
sub3\ADLs\CXR_DSL_trial2.xlsx,sub3,ADL,DSL,2
sub3\ADLs\CXR_DSL_trial3.xlsx,sub3,ADL,DSL,3
sub3\ADLs\CXR_DSS_trial1.xlsx,sub3,ADL,DSS,1
sub3\ADLs\CXR_DSS_trial2.xlsx,sub3,ADL,DSS,2
sub3\ADLs\CXR_DSS_trial3.xlsx,sub3,ADL,DSS,3
sub3\ADLs\CXR_NW_trial1.xlsx,sub3,ADL,NW,1
sub3\ADLs\CXR_NW_trial2.xlsx,sub3,ADL,NW,2
sub3\ADLs\CXR_NW_trial3.xlsx,sub3,ADL,NW,3
sub3\ADLs\CXR_POG_trial1.xlsx,sub3,ADL,POG,1
sub3\ADLs\CXR_POG_trial2.xlsx,sub3,ADL,POG,2
sub3\ADLs\CXR_POG_trial3.xlsx,sub3,ADL,POG,3
sub3\ADLs\CXR_RSS_trial1.xlsx,sub3,ADL,RSS,1
sub3\ADLs\CXR_RSS_trial2.xlsx,sub3,ADL,RSS,2
sub3\ADLs\CXR_RSS_trial3.xlsx,sub3,ADL,RSS,3
sub3\ADLs\CXR_SQ_trial1.xlsx,sub3,ADL,SQ,1
sub3\ADLs\CXR_SQ_trial2.xlsx,sub3,ADL,SQ,2
sub3\ADLs\CXR_SQ_trial3.xlsx,sub3,ADL,SQ,3
sub3\Falls\CXR_CS_trial1.xlsx,sub3,Fall,CS,1
sub3\Falls\CXR_CS_trial2.xlsx,sub3,Fall,CS,2
sub3\Falls\CXR_CS_trial4.xlsx,sub3,Fall,CS,4
sub3\Falls\CXR_HB_trial2.xlsx,sub3,Fall,HB,2
sub3\Falls\CXR_HB_trial3.xlsx,sub3,Fall,HB,3
sub3\Falls\CXR_HB_trial4.xlsx,sub3,Fall,HB,4
sub3\Falls\CXR_ITDS_trial1.xlsx,sub3,Fall,ITDS,1
sub3\Falls\CXR_ITDS_trial2.xlsx,sub3,Fall,ITDS,2
sub3\Falls\CXR_ITDS_trial3.xlsx,sub3,Fall,ITDS,3
sub3\Falls\CXR_ITRS_trial1.xlsx,sub3,Fall,ITRS,1
sub3\Falls\CXR_ITRS_trial3.xlsx,sub3,Fall,ITRS,3
sub3\Falls\CXR_ITRS_trial4.xlsx,sub3,Fall,ITRS,4
sub3\Falls\CXR_LCC_trial1.xlsx,sub3,Fall,LCC,1
sub3\Falls\CXR_LCC_trial2.xlsx,sub3,Fall,LCC,2
sub3\Falls\CXR_LCC_trial3.xlsx,sub3,Fall,LCC,3
sub3\Falls\CXR_slip_trial1.xlsx,sub3,Fall,slip,1
sub3\Falls\CXR_slip_trial2.xlsx,sub3,Fall,slip,2
sub3\Falls\CXR_slip_trial5.xlsx,sub3,Fall,slip,5
sub3\Falls\CXR_trip_trial1.xlsx,sub3,Fall,trip,1
sub3\Falls\CXR_trip_trial2.xlsx,sub3,Fall,trip,2
sub3\Falls\CXR_trip_trial5.xlsx,sub3,Fall,trip,5
sub3\Near_Falls\CXR_CS_trial3.xlsx,sub3,Near_Fall,CS,3
sub3\Near_Falls\CXR_CS_trial5.xlsx,sub3,Near_Fall,CS,5
sub3\Near_Falls\CXR_CS_trial6.xlsx,sub3,Near_Fall,CS,6
sub3\Near_Falls\CXR_HB_trial1.xlsx,sub3,Near_Fall,HB,1
sub3\Near_Falls\CXR_HB_trial5.xlsx,sub3,Near_Fall,HB,5
sub3\Near_Falls\CXR_HB_trial6.xlsx,sub3,Near_Fall,HB,6
sub3\Near_Falls\CXR_ITRS_trial2.xlsx,sub3,Near_Fall,ITRS,2
sub3\Near_Falls\CXR_ITRS_trial5.xlsx,sub3,Near_Fall,ITRS,5
sub3\Near_Falls\CXR_ITRS_trial6.xlsx,sub3,Near_Fall,ITRS,6
sub3\Near_Falls\CXR_slip_trial3.xlsx,sub3,Near_Fall,slip,3
sub3\Near_Falls\CXR_slip_trial4.xlsx,sub3,Near_Fall,slip,4
sub3\Near_Falls\CXR_slip_trial6.xlsx,sub3,Near_Fall,slip,6
sub3\Near_Falls\CXR_trip_trial3.xlsx,sub3,Near_Fall,trip,3
sub3\Near_Falls\CXR_trip_trial4.xlsx,sub3,Near_Fall,trip,4
sub3\Near_Falls\CXR_trip_trial6.xlsx,sub3,Near_Fall,trip,6
sub4\ADLs\AXJ_AS_trial1.xlsx,sub4,ADL,AS,1
sub4\ADLs\AXJ_AS_trial2.xlsx,sub4,ADL,AS,2
sub4\ADLs\AXJ_AS_trial3.xlsx,sub4,ADL,AS,3
sub4\ADLs\AXJ_DS_trial1.xlsx,sub4,ADL,DS,1
sub4\ADLs\AXJ_DS_trial2.xlsx,sub4,ADL,DS,2
sub4\ADLs\AXJ_DS_trial3.xlsx,sub4,ADL,DS,3
sub4\ADLs\AXJ_DSL_trial1.xlsx,sub4,ADL,DSL,1
sub4\ADLs\AXJ_DSL_trial2.xlsx,sub4,ADL,DSL,2
sub4\ADLs\AXJ_DSL_trial3.xlsx,sub4,ADL,DSL,3
sub4\ADLs\AXJ_DSS_trial1.xlsx,sub4,ADL,DSS,1
sub4\ADLs\AXJ_DSS_trial2.xlsx,sub4,ADL,DSS,2
sub4\ADLs\AXJ_DSS_trial4.xlsx,sub4,ADL,DSS,4
sub4\ADLs\AXJ_NW_trial1.xlsx,sub4,ADL,NW,1
sub4\ADLs\AXJ_NW_trial2.xlsx,sub4,ADL,NW,2
sub4\ADLs\AXJ_NW_trial3.xlsx,sub4,ADL,NW,3
sub4\ADLs\AXJ_POG_trial1.xlsx,sub4,ADL,POG,1
sub4\ADLs\AXJ_POG_trial2.xlsx,sub4,ADL,POG,2
sub4\ADLs\AXJ_POG_trial3.xlsx,sub4,ADL,POG,3
sub4\ADLs\AXJ_RSS_trial1.xlsx,sub4,ADL,RSS,1
sub4\ADLs\AXJ_RSS_trial2.xlsx,sub4,ADL,RSS,2
sub4\ADLs\AXJ_RSS_trial3.xlsx,sub4,ADL,RSS,3
sub4\ADLs\AXJ_SQ_trial1.xlsx,sub4,ADL,SQ,1
sub4\ADLs\AXJ_SQ_trial2.xlsx,sub4,ADL,SQ,2
sub4\ADLs\AXJ_SQ_trial3.xlsx,sub4,ADL,SQ,3
sub4\Falls\AXJ_CS_trial1.xlsx,sub4,Fall,CS,1
sub4\Falls\AXJ_CS_trial2.xlsx,sub4,Fall,CS,2
sub4\Falls\AXJ_CS_trial4.xlsx,sub4,Fall,CS,4
sub4\Falls\AXJ_HB_trial2.xlsx,sub4,Fall,HB,2
sub4\Falls\AXJ_HB_trial3.xlsx,sub4,Fall,HB,3
sub4\Falls\AXJ_HB_trial4.xlsx,sub4,Fall,HB,4
sub4\Falls\AXJ_ITDS_trial1.xlsx,sub4,Fall,ITDS,1
sub4\Falls\AXJ_ITDS_trial2.xlsx,sub4,Fall,ITDS,2
sub4\Falls\AXJ_ITDS_trial3.xlsx,sub4,Fall,ITDS,3
sub4\Falls\AXJ_ITRS_trial1.xlsx,sub4,Fall,ITRS,1
sub4\Falls\AXJ_ITRS_trial2.xlsx,sub4,Fall,ITRS,2
sub4\Falls\AXJ_ITRS_trial5.xlsx,sub4,Fall,ITRS,5
sub4\Falls\AXJ_LCC_trial1.xlsx,sub4,Fall,LCC,1
sub4\Falls\AXJ_LCC_trial2.xlsx,sub4,Fall,LCC,2
sub4\Falls\AXJ_LCC_trial3.xlsx,sub4,Fall,LCC,3
sub4\Falls\AXJ_slip_trial1.xlsx,sub4,Fall,slip,1
sub4\Falls\AXJ_slip_trial4.xlsx,sub4,Fall,slip,4
sub4\Falls\AXJ_slip_trial5.xlsx,sub4,Fall,slip,5
sub4\Falls\AXJ_trip_trial1.xlsx,sub4,Fall,trip,1
sub4\Falls\AXJ_trip_trial3.xlsx,sub4,Fall,trip,3
sub4\Falls\AXJ_trip_trial4.xlsx,sub4,Fall,trip,4
sub4\Near_Falls\AXJ_CS_trial3.xlsx,sub4,Near_Fall,CS,3
sub4\Near_Falls\AXJ_CS_trial5.xlsx,sub4,Near_Fall,CS,5
sub4\Near_Falls\AXJ_CS_trial6.xlsx,sub4,Near_Fall,CS,6
sub4\Near_Falls\AXJ_HB_trial1.xlsx,sub4,Near_Fall,HB,1
sub4\Near_Falls\AXJ_HB_trial5.xlsx,sub4,Near_Fall,HB,5
sub4\Near_Falls\AXJ_HB_trial6.xlsx,sub4,Near_Fall,HB,6
sub4\Near_Falls\AXJ_ITRS_trial3.xlsx,sub4,Near_Fall,ITRS,3
sub4\Near_Falls\AXJ_ITRS_trial4.xlsx,sub4,Near_Fall,ITRS,4
sub4\Near_Falls\AXJ_ITRS_trial6.xlsx,sub4,Near_Fall,ITRS,6
sub4\Near_Falls\AXJ_slip_trial2.xlsx,sub4,Near_Fall,slip,2
sub4\Near_Falls\AXJ_slip_trial3.xlsx,sub4,Near_Fall,slip,3
sub4\Near_Falls\AXJ_slip_trial6.xlsx,sub4,Near_Fall,slip,6
sub4\Near_Falls\AXJ_trip_trial2.xlsx,sub4,Near_Fall,trip,2
sub4\Near_Falls\AXJ_trip_trial5.xlsx,sub4,Near_Fall,trip,5
sub4\Near_Falls\AXJ_trip_trial6.xlsx,sub4,Near_Fall,trip,6
sub5\ADLs\AXJ_AS_trial1.xlsx,sub5,ADL,AS,1
sub5\ADLs\AXJ_AS_trial2.xlsx,sub5,ADL,AS,2
sub5\ADLs\AXJ_AS_trial3.xlsx,sub5,ADL,AS,3
sub5\ADLs\AXJ_DS_trial1.xlsx,sub5,ADL,DS,1
sub5\ADLs\AXJ_DS_trial2.xlsx,sub5,ADL,DS,2
sub5\ADLs\AXJ_DS_trial3.xlsx,sub5,ADL,DS,3
sub5\ADLs\AXJ_DSL_trial1.xlsx,sub5,ADL,DSL,1
sub5\ADLs\AXJ_DSL_trial2.xlsx,sub5,ADL,DSL,2
sub5\ADLs\AXJ_DSL_trial3.xlsx,sub5,ADL,DSL,3
sub5\ADLs\AXJ_DSS_trial1.xlsx,sub5,ADL,DSS,1
sub5\ADLs\AXJ_DSS_trial2.xlsx,sub5,ADL,DSS,2
sub5\ADLs\AXJ_DSS_trial3.xlsx,sub5,ADL,DSS,3
sub5\ADLs\AXJ_NW_trial1.xlsx,sub5,ADL,NW,1
sub5\ADLs\AXJ_NW_trial2.xlsx,sub5,ADL,NW,2
sub5\ADLs\AXJ_NW_trial3.xlsx,sub5,ADL,NW,3
sub5\ADLs\AXJ_POG_trial1.xlsx,sub5,ADL,POG,1
sub5\ADLs\AXJ_POG_trial2.xlsx,sub5,ADL,POG,2
sub5\ADLs\AXJ_POG_trial3.xlsx,sub5,ADL,POG,3
sub5\ADLs\AXJ_RSS_trial1.xlsx,sub5,ADL,RSS,1
sub5\ADLs\AXJ_RSS_trial2.xlsx,sub5,ADL,RSS,2
sub5\ADLs\AXJ_RSS_trial3.xlsx,sub5,ADL,RSS,3
sub5\ADLs\AXJ_SQ_trial1.xlsx,sub5,ADL,SQ,1
sub5\ADLs\AXJ_SQ_trial2.xlsx,sub5,ADL,SQ,2
sub5\ADLs\AXJ_SQ_trial3.xlsx,sub5,ADL,SQ,3
sub5\Falls\AXJ_HB_trial2.xlsx,sub5,Fall,HB,2
sub5\Falls\AXJ_HB_trial3.xlsx,sub5,Fall,HB,3
sub5\Falls\AXJ_HB_trial6.xlsx,sub5,Fall,HB,6
sub5\Falls\AXJ_ITDS_trial1.xlsx,sub5,Fall,ITDS,1
sub5\Falls\AXJ_ITDS_trial2.xlsx,sub5,Fall,ITDS,2
sub5\Falls\AXJ_ITDS_trial3.xlsx,sub5,Fall,ITDS,3
sub5\Falls\AXJ_ITRS_trial1.xlsx,sub5,Fall,ITRS,1
sub5\Falls\AXJ_ITRS_trial2.xlsx,sub5,Fall,ITRS,2
sub5\Falls\AXJ_ITRS_trial4.xlsx,sub5,Fall,ITRS,4
sub5\Falls\AXJ_LCC_trial1.xlsx,sub5,Fall,LCC,1
sub5\Falls\AXJ_LCC_trial2.xlsx,sub5,Fall,LCC,2
sub5\Falls\AXJ_LCC_trial3.xlsx,sub5,Fall,LCC,3
sub5\Falls\AXJ_trip_trial1.xlsx,sub5,Fall,trip,1
sub5\Falls\AXJ_trip_trial3.xlsx,sub5,Fall,trip,3
sub5\Falls\AXJ_trip_trial4.xlsx,sub5,Fall,trip,4
sub5\Falls\EXA_CS_trial1.xlsx,sub5,Fall,CS,1
sub5\Falls\EXA_CS_trial2.xlsx,sub5,Fall,CS,2
sub5\Falls\EXA_CS_trial4.xlsx,sub5,Fall,CS,4
sub5\Falls\EXA_slip_trial1.xlsx,sub5,Fall,slip,1
sub5\Falls\EXA_slip_trial2.xlsx,sub5,Fall,slip,2
sub5\Falls\EXA_slip_trial6.xlsx,sub5,Fall,slip,6
sub5\Near_Falls\AXJ_HB_trial1.xlsx,sub5,Near_Fall,HB,1
sub5\Near_Falls\AXJ_HB_trial4.xlsx,sub5,Near_Fall,HB,4
sub5\Near_Falls\AXJ_HB_trial5.xlsx,sub5,Near_Fall,HB,5
sub5\Near_Falls\AXJ_ITRS_trial3.xlsx,sub5,Near_Fall,ITRS,3
sub5\Near_Falls\AXJ_ITRS_trial5.xlsx,sub5,Near_Fall,ITRS,5
sub5\Near_Falls\AXJ_ITRS_trial6.xlsx,sub5,Near_Fall,ITRS,6
sub5\Near_Falls\AXJ_trip_trial2.xlsx,sub5,Near_Fall,trip,2
sub5\Near_Falls\AXJ_trip_trial5.xlsx,sub5,Near_Fall,trip,5
sub5\Near_Falls\AXJ_trip_trial6.xlsx,sub5,Near_Fall,trip,6
sub5\Near_Falls\EXA_CS_trial3.xlsx,sub5,Near_Fall,CS,3
sub5\Near_Falls\EXA_CS_trial5.xlsx,sub5,Near_Fall,CS,5
sub5\Near_Falls\EXA_CS_trial6.xlsx,sub5,Near_Fall,CS,6
sub5\Near_Falls\EXA_slip_trial3.xlsx,sub5,Near_Fall,slip,3
sub5\Near_Falls\EXA_slip_trial4.xlsx,sub5,Near_Fall,slip,4
sub5\Near_Falls\EXA_slip_trial5.xlsx,sub5,Near_Fall,slip,5
sub6\ADLs\AXM_AS_trial1.xlsx,sub6,ADL,AS,1
sub6\ADLs\AXM_AS_trial2.xlsx,sub6,ADL,AS,2
sub6\ADLs\AXM_AS_trial3.xlsx,sub6,ADL,AS,3
sub6\ADLs\AXM_DS_trial1.xlsx,sub6,ADL,DS,1
sub6\ADLs\AXM_DS_trial2.xlsx,sub6,ADL,DS,2
sub6\ADLs\AXM_DS_trial3.xlsx,sub6,ADL,DS,3
sub6\ADLs\AXM_DSL_trial1.xlsx,sub6,ADL,DSL,1
sub6\ADLs\AXM_DSL_trial2.xlsx,sub6,ADL,DSL,2
sub6\ADLs\AXM_DSL_trial3.xlsx,sub6,ADL,DSL,3
sub6\ADLs\AXM_DSS_trial1.xlsx,sub6,ADL,DSS,1
sub6\ADLs\AXM_DSS_trial2.xlsx,sub6,ADL,DSS,2
sub6\ADLs\AXM_DSS_trial3.xlsx,sub6,ADL,DSS,3
sub6\ADLs\AXM_NW_trial1.xlsx,sub6,ADL,NW,1
sub6\ADLs\AXM_NW_trial2.xlsx,sub6,ADL,NW,2
sub6\ADLs\AXM_NW_trial3.xlsx,sub6,ADL,NW,3
sub6\ADLs\AXM_POG_trial1.xlsx,sub6,ADL,POG,1
sub6\ADLs\AXM_POG_trial2.xlsx,sub6,ADL,POG,2
sub6\ADLs\AXM_POG_trial3.xlsx,sub6,ADL,POG,3
sub6\ADLs\AXM_RSS_trial1.xlsx,sub6,ADL,RSS,1
sub6\ADLs\AXM_RSS_trial2.xlsx,sub6,ADL,RSS,2
sub6\ADLs\AXM_RSS_trial3.xlsx,sub6,ADL,RSS,3
sub6\ADLs\AXM_SQ_trial1.xlsx,sub6,ADL,SQ,1
sub6\ADLs\AXM_SQ_trial2.xlsx,sub6,ADL,SQ,2
sub6\ADLs\AXM_SQ_trial3.xlsx,sub6,ADL,SQ,3
sub6\Falls\AXM_CS_trial1.xlsx,sub6,Fall,CS,1
sub6\Falls\AXM_CS_trial2.xlsx,sub6,Fall,CS,2
sub6\Falls\AXM_CS_trial4.xlsx,sub6,Fall,CS,4
sub6\Falls\AXM_HB_trial1.xlsx,sub6,Fall,HB,1
sub6\Falls\AXM_HB_trial4.xlsx,sub6,Fall,HB,4
sub6\Falls\AXM_HB_trial5.xlsx,sub6,Fall,HB,5
sub6\Falls\AXM_ITDS_trial1.xlsx,sub6,Fall,ITDS,1
sub6\Falls\AXM_ITDS_trial2.xlsx,sub6,Fall,ITDS,2
sub6\Falls\AXM_ITDS_trial3.xlsx,sub6,Fall,ITDS,3
sub6\Falls\AXM_ITRS_trial1.xlsx,sub6,Fall,ITRS,1
sub6\Falls\AXM_ITRS_trial3.xlsx,sub6,Fall,ITRS,3
sub6\Falls\AXM_ITRS_trial4.xlsx,sub6,Fall,ITRS,4
sub6\Falls\AXM_LCC_trial1.xlsx,sub6,Fall,LCC,1
sub6\Falls\AXM_LCC_trial2.xlsx,sub6,Fall,LCC,2
sub6\Falls\AXM_LCC_trial3.xlsx,sub6,Fall,LCC,3
sub6\Falls\AXM_slip_trial1.xlsx,sub6,Fall,slip,1
sub6\Falls\AXM_slip_trial2.xlsx,sub6,Fall,slip,2
sub6\Falls\AXM_slip_trial6.xlsx,sub6,Fall,slip,6
sub6\Falls\AXM_trip_trial2.xlsx,sub6,Fall,trip,2
sub6\Falls\AXM_trip_trial3.xlsx,sub6,Fall,trip,3
sub6\Falls\AXM_trip_trial4.xlsx,sub6,Fall,trip,4
sub6\Near_Falls\AXM_CS_trial3.xlsx,sub6,Near_Fall,CS,3
sub6\Near_Falls\AXM_CS_trial5.xlsx,sub6,Near_Fall,CS,5
sub6\Near_Falls\AXM_CS_trial6.xlsx,sub6,Near_Fall,CS,6
sub6\Near_Falls\AXM_HB_trial2.xlsx,sub6,Near_Fall,HB,2
sub6\Near_Falls\AXM_HB_trial3.xlsx,sub6,Near_Fall,HB,3
sub6\Near_Falls\AXM_HB_trial6.xlsx,sub6,Near_Fall,HB,6
sub6\Near_Falls\AXM_ITRS_trial2.xlsx,sub6,Near_Fall,ITRS,2
sub6\Near_Falls\AXM_ITRS_trial5.xlsx,sub6,Near_Fall,ITRS,5
sub6\Near_Falls\AXM_ITRS_trial6.xlsx,sub6,Near_Fall,ITRS,6
sub6\Near_Falls\AXM_slip_trial3.xlsx,sub6,Near_Fall,slip,3
sub6\Near_Falls\AXM_slip_trial4.xlsx,sub6,Near_Fall,slip,4
sub6\Near_Falls\AXM_slip_trial5.xlsx,sub6,Near_Fall,slip,5
sub6\Near_Falls\AXM_trip_trial1.xlsx,sub6,Near_Fall,trip,1
sub6\Near_Falls\AXM_trip_trial5.xlsx,sub6,Near_Fall,trip,5
sub6\Near_Falls\AXM_trip_trial6.xlsx,sub6,Near_Fall,trip,6
sub7\ADLs\HXE_AS_trial1.xlsx,sub7,ADL,AS,1
sub7\ADLs\HXE_AS_trial2.xlsx,sub7,ADL,AS,2
sub7\ADLs\HXE_AS_trial3.xlsx,sub7,ADL,AS,3
sub7\ADLs\HXE_DS_trial1.xlsx,sub7,ADL,DS,1
sub7\ADLs\HXE_DS_trial2.xlsx,sub7,ADL,DS,2
sub7\ADLs\HXE_DS_trial3.xlsx,sub7,ADL,DS,3
sub7\ADLs\HXE_DSL_trial1.xlsx,sub7,ADL,DSL,1
sub7\ADLs\HXE_DSL_trial2.xlsx,sub7,ADL,DSL,2
sub7\ADLs\HXE_DSL_trial3.xlsx,sub7,ADL,DSL,3
sub7\ADLs\HXE_DSS_trial1.xlsx,sub7,ADL,DSS,1
sub7\ADLs\HXE_DSS_trial2.xlsx,sub7,ADL,DSS,2
sub7\ADLs\HXE_DSS_trial3.xlsx,sub7,ADL,DSS,3
sub7\ADLs\HXE_NW_trial1.xlsx,sub7,ADL,NW,1
sub7\ADLs\HXE_NW_trial2.xlsx,sub7,ADL,NW,2
sub7\ADLs\HXE_NW_trial3.xlsx,sub7,ADL,NW,3
sub7\ADLs\HXE_POG_trial1.xlsx,sub7,ADL,POG,1
sub7\ADLs\HXE_POG_trial2.xlsx,sub7,ADL,POG,2
sub7\ADLs\HXE_POG_trial3.xlsx,sub7,ADL,POG,3
sub7\ADLs\HXE_RSS_trial1.xlsx,sub7,ADL,RSS,1
sub7\ADLs\HXE_RSS_trial2.xlsx,sub7,ADL,RSS,2
sub7\ADLs\HXE_RSS_trial3.xlsx,sub7,ADL,RSS,3
sub7\ADLs\HXE_SQ_trial1.xlsx,sub7,ADL,SQ,1
sub7\ADLs\HXE_SQ_trial2.xlsx,sub7,ADL,SQ,2
sub7\ADLs\HXE_SQ_trial3.xlsx,sub7,ADL,SQ,3
sub7\Falls\HXE_CS_trial3.xlsx,sub7,Fall,CS,3
sub7\Falls\HXE_CS_trial4.xlsx,sub7,Fall,CS,4
sub7\Falls\HXE_CS_trial5.xlsx,sub7,Fall,CS,5
sub7\Falls\HXE_HB_trial1.xlsx,sub7,Fall,HB,1
sub7\Falls\HXE_HB_trial3.xlsx,sub7,Fall,HB,3
sub7\Falls\HXE_HB_trial4.xlsx,sub7,Fall,HB,4
sub7\Falls\HXE_ITDS_trial1.xlsx,sub7,Fall,ITDS,1
sub7\Falls\HXE_ITDS_trial2.xlsx,sub7,Fall,ITDS,2
sub7\Falls\HXE_ITDS_trial3.xlsx,sub7,Fall,ITDS,3
sub7\Falls\HXE_ITRS_trial1.xlsx,sub7,Fall,ITRS,1
sub7\Falls\HXE_ITRS_trial2.xlsx,sub7,Fall,ITRS,2
sub7\Falls\HXE_ITRS_trial4.xlsx,sub7,Fall,ITRS,4
sub7\Falls\HXE_LCC_trial1.xlsx,sub7,Fall,LCC,1
sub7\Falls\HXE_LCC_trial2.xlsx,sub7,Fall,LCC,2
sub7\Falls\HXE_LCC_trial3.xlsx,sub7,Fall,LCC,3
sub7\Falls\HXE_slip_trial1.xlsx,sub7,Fall,slip,1
sub7\Falls\HXE_slip_trial2.xlsx,sub7,Fall,slip,2
sub7\Falls\HXE_slip_trial3.xlsx,sub7,Fall,slip,3
sub7\Falls\HXE_trip_trial1.xlsx,sub7,Fall,trip,1
sub7\Falls\HXE_trip_trial3.xlsx,sub7,Fall,trip,3
sub7\Falls\HXE_trip_trial4.xlsx,sub7,Fall,trip,4
sub7\Near_Falls\HXE_CS_trial1.xlsx,sub7,Near_Fall,CS,1
sub7\Near_Falls\HXE_CS_trial2.xlsx,sub7,Near_Fall,CS,2
sub7\Near_Falls\HXE_CS_trial6.xlsx,sub7,Near_Fall,CS,6
sub7\Near_Falls\HXE_HB_trial2.xlsx,sub7,Near_Fall,HB,2
sub7\Near_Falls\HXE_HB_trial5.xlsx,sub7,Near_Fall,HB,5
sub7\Near_Falls\HXE_HB_trial6.xlsx,sub7,Near_Fall,HB,6
sub7\Near_Falls\HXE_ITRS_trial3.xlsx,sub7,Near_Fall,ITRS,3
sub7\Near_Falls\HXE_ITRS_trial6.xlsx,sub7,Near_Fall,ITRS,6
sub7\Near_Falls\HXE_ITRS_trial7.xlsx,sub7,Near_Fall,ITRS,7
sub7\Near_Falls\HXE_slip_trial4.xlsx,sub7,Near_Fall,slip,4
sub7\Near_Falls\HXE_slip_trial5.xlsx,sub7,Near_Fall,slip,5
sub7\Near_Falls\HXE_slip_trial6.xlsx,sub7,Near_Fall,slip,6
sub7\Near_Falls\HXE_trip_trial2.xlsx,sub7,Near_Fall,trip,2
sub7\Near_Falls\HXE_trip_trial5.xlsx,sub7,Near_Fall,trip,5
sub7\Near_Falls\HXE_trip_trial6.xlsx,sub7,Near_Fall,trip,6
sub8\ADLs\RXV_AS_trial1.xlsx,sub8,ADL,AS,1
sub8\ADLs\RXV_AS_trial2.xlsx,sub8,ADL,AS,2
sub8\ADLs\RXV_AS_trial3.xlsx,sub8,ADL,AS,3
sub8\ADLs\RXV_DS_trial1.xlsx,sub8,ADL,DS,1
sub8\ADLs\RXV_DS_trial2.xlsx,sub8,ADL,DS,2
sub8\ADLs\RXV_DS_trial3.xlsx,sub8,ADL,DS,3
sub8\ADLs\RXV_DSL_trial1.xlsx,sub8,ADL,DSL,1
sub8\ADLs\RXV_DSL_trial2.xlsx,sub8,ADL,DSL,2
sub8\ADLs\RXV_DSL_trial3.xlsx,sub8,ADL,DSL,3
sub8\ADLs\RXV_DSS_trial1.xlsx,sub8,ADL,DSS,1
sub8\ADLs\RXV_DSS_trial2.xlsx,sub8,ADL,DSS,2
sub8\ADLs\RXV_DSS_trial3.xlsx,sub8,ADL,DSS,3
sub8\ADLs\RXV_NW_trial1.xlsx,sub8,ADL,NW,1
sub8\ADLs\RXV_NW_trial2.xlsx,sub8,ADL,NW,2
sub8\ADLs\RXV_NW_trial3.xlsx,sub8,ADL,NW,3
sub8\ADLs\RXV_POG_trial1.xlsx,sub8,ADL,POG,1
sub8\ADLs\RXV_POG_trial2.xlsx,sub8,ADL,POG,2
sub8\ADLs\RXV_POG_trial3.xlsx,sub8,ADL,POG,3
sub8\ADLs\RXV_RSS_trial1.xlsx,sub8,ADL,RSS,1
sub8\ADLs\RXV_RSS_trial2.xlsx,sub8,ADL,RSS,2
sub8\ADLs\RXV_RSS_trial3.xlsx,sub8,ADL,RSS,3
sub8\ADLs\RXV_SQ_trial1.xlsx,sub8,ADL,SQ,1
sub8\ADLs\RXV_SQ_trial2.xlsx,sub8,ADL,SQ,2
sub8\ADLs\RXV_SQ_trial3.xlsx,sub8,ADL,SQ,3
sub8\Falls\RXV_CS_trial1.xlsx,sub8,Fall,CS,1
sub8\Falls\RXV_CS_trial4.xlsx,sub8,Fall,CS,4
sub8\Falls\RXV_CS_trial6.xlsx,sub8,Fall,CS,6
sub8\Falls\RXV_HB_trial2.xlsx,sub8,Fall,HB,2
sub8\Falls\RXV_HB_trial3.xlsx,sub8,Fall,HB,3
sub8\Falls\RXV_HB_trial5.xlsx,sub8,Fall,HB,5
sub8\Falls\RXV_ITDS_trial1.xlsx,sub8,Fall,ITDS,1
sub8\Falls\RXV_ITDS_trial2.xlsx,sub8,Fall,ITDS,2
sub8\Falls\RXV_ITDS_trial3.xlsx,sub8,Fall,ITDS,3
sub8\Falls\RXV_ITRS_trial1.xlsx,sub8,Fall,ITRS,1
sub8\Falls\RXV_ITRS_trial3.xlsx,sub8,Fall,ITRS,3
sub8\Falls\RXV_ITRS_trial4.xlsx,sub8,Fall,ITRS,4
sub8\Falls\RXV_LCC_trial1.xlsx,sub8,Fall,LCC,1
sub8\Falls\RXV_LCC_trial2.xlsx,sub8,Fall,LCC,2
sub8\Falls\RXV_LCC_trial3.xlsx,sub8,Fall,LCC,3
sub8\Falls\RXV_slip_trial1.xlsx,sub8,Fall,slip,1
sub8\Falls\RXV_slip_trial2.xlsx,sub8,Fall,slip,2
sub8\Falls\RXV_slip_trial6.xlsx,sub8,Fall,slip,6
sub8\Falls\RXV_trip_trial1.xlsx,sub8,Fall,trip,1
sub8\Falls\RXV_trip_trial3.xlsx,sub8,Fall,trip,3
sub8\Falls\RXV_trip_trial6.xlsx,sub8,Fall,trip,6
sub8\Near_Falls\RXV_CS_trial2.xlsx,sub8,Near_Fall,CS,2
sub8\Near_Falls\RXV_CS_trial3.xlsx,sub8,Near_Fall,CS,3
sub8\Near_Falls\RXV_CS_trial5.xlsx,sub8,Near_Fall,CS,5
sub8\Near_Falls\RXV_HB_trial1.xlsx,sub8,Near_Fall,HB,1
sub8\Near_Falls\RXV_HB_trial4.xlsx,sub8,Near_Fall,HB,4
sub8\Near_Falls\RXV_HB_trial6.xlsx,sub8,Near_Fall,HB,6
sub8\Near_Falls\RXV_ITRS_trial2.xlsx,sub8,Near_Fall,ITRS,2
sub8\Near_Falls\RXV_ITRS_trial5.xlsx,sub8,Near_Fall,ITRS,5
sub8\Near_Falls\RXV_ITRS_trial6.xlsx,sub8,Near_Fall,ITRS,6
sub8\Near_Falls\RXV_slip_trial3.xlsx,sub8,Near_Fall,slip,3
sub8\Near_Falls\RXV_slip_trial4.xlsx,sub8,Near_Fall,slip,4
sub8\Near_Falls\RXV_slip_trial5.xlsx,sub8,Near_Fall,slip,5
sub8\Near_Falls\RXV_trip_trial2.xlsx,sub8,Near_Fall,trip,2
sub8\Near_Falls\RXV_trip_trial4.xlsx,sub8,Near_Fall,trip,4
sub8\Near_Falls\RXV_trip_trial5.xlsx,sub8,Near_Fall,trip,5
sub9\ADLs\SXT_AS_trial1.xlsx,sub9,ADL,AS,1
sub9\ADLs\SXT_AS_trial2.xlsx,sub9,ADL,AS,2
sub9\ADLs\SXT_AS_trial3.xlsx,sub9,ADL,AS,3
sub9\ADLs\SXT_DS_trial1.xlsx,sub9,ADL,DS,1
sub9\ADLs\SXT_DS_trial2.xlsx,sub9,ADL,DS,2
sub9\ADLs\SXT_DS_trial3.xlsx,sub9,ADL,DS,3
sub9\ADLs\SXT_DSL_trial1.xlsx,sub9,ADL,DSL,1
sub9\ADLs\SXT_DSL_trial2.xlsx,sub9,ADL,DSL,2
sub9\ADLs\SXT_DSL_trial3.xlsx,sub9,ADL,DSL,3
sub9\ADLs\SXT_DSS_trial1.xlsx,sub9,ADL,DSS,1
sub9\ADLs\SXT_DSS_trial2.xlsx,sub9,ADL,DSS,2
sub9\ADLs\SXT_DSS_trial3.xlsx,sub9,ADL,DSS,3
sub9\ADLs\SXT_NW_trial1.xlsx,sub9,ADL,NW,1
sub9\ADLs\SXT_NW_trial2.xlsx,sub9,ADL,NW,2
sub9\ADLs\SXT_NW_trial3.xlsx,sub9,ADL,NW,3
sub9\ADLs\SXT_POG_trial1.xlsx,sub9,ADL,POG,1
sub9\ADLs\SXT_POG_trial2.xlsx,sub9,ADL,POG,2
sub9\ADLs\SXT_POG_trial3.xlsx,sub9,ADL,POG,3
sub9\ADLs\SXT_RSS_trial1.xlsx,sub9,ADL,RSS,1
sub9\ADLs\SXT_RSS_trial2.xlsx,sub9,ADL,RSS,2
sub9\ADLs\SXT_RSS_trial3.xlsx,sub9,ADL,RSS,3
sub9\ADLs\SXT_SQ_trial1.xlsx,sub9,ADL,SQ,1
sub9\ADLs\SXT_SQ_trial2.xlsx,sub9,ADL,SQ,2
sub9\ADLs\SXT_SQ_trial3.xlsx,sub9,ADL,SQ,3
sub9\Falls\SXT_CS_trial1.xlsx,sub9,Fall,CS,1
sub9\Falls\SXT_CS_trial2.xlsx,sub9,Fall,CS,2
sub9\Falls\SXT_CS_trial4.xlsx,sub9,Fall,CS,4
sub9\Falls\SXT_HB_trial2.xlsx,sub9,Fall,HB,2
sub9\Falls\SXT_HB_trial3.xlsx,sub9,Fall,HB,3
sub9\Falls\SXT_HB_trial6.xlsx,sub9,Fall,HB,6
sub9\Falls\SXT_ITDS_trial1.xlsx,sub9,Fall,ITDS,1
sub9\Falls\SXT_ITDS_trial2.xlsx,sub9,Fall,ITDS,2
sub9\Falls\SXT_ITDS_trial3.xlsx,sub9,Fall,ITDS,3
sub9\Falls\SXT_ITRS_trial1.xlsx,sub9,Fall,ITRS,1
sub9\Falls\SXT_ITRS_trial2.xlsx,sub9,Fall,ITRS,2
sub9\Falls\SXT_ITRS_trial4.xlsx,sub9,Fall,ITRS,4
sub9\Falls\SXT_LCC_trial1.xlsx,sub9,Fall,LCC,1
sub9\Falls\SXT_LCC_trial2.xlsx,sub9,Fall,LCC,2
sub9\Falls\SXT_LCC_trial3.xlsx,sub9,Fall,LCC,3
sub9\Falls\SXT_slip_trial1.xlsx,sub9,Fall,slip,1
sub9\Falls\SXT_slip_trial2.xlsx,sub9,Fall,slip,2
sub9\Falls\SXT_slip_trial4.xlsx,sub9,Fall,slip,4
sub9\Falls\SXT_trip_trial1.xlsx,sub9,Fall,trip,1
sub9\Falls\SXT_trip_trial2.xlsx,sub9,Fall,trip,2
sub9\Falls\SXT_trip_trial4.xlsx,sub9,Fall,trip,4
sub9\Near_Falls\SXT_CS_trial3.xlsx,sub9,Near_Fall,CS,3
sub9\Near_Falls\SXT_CS_trial5.xlsx,sub9,Near_Fall,CS,5
sub9\Near_Falls\SXT_CS_trial6.xlsx,sub9,Near_Fall,CS,6
sub9\Near_Falls\SXT_HB_trial1.xlsx,sub9,Near_Fall,HB,1
sub9\Near_Falls\SXT_HB_trial4.xlsx,sub9,Near_Fall,HB,4
sub9\Near_Falls\SXT_HB_trial5.xlsx,sub9,Near_Fall,HB,5
sub9\Near_Falls\SXT_ITRS_trial3.xlsx,sub9,Near_Fall,ITRS,3
sub9\Near_Falls\SXT_ITRS_trial5.xlsx,sub9,Near_Fall,ITRS,5
sub9\Near_Falls\SXT_ITRS_trial6.xlsx,sub9,Near_Fall,ITRS,6
sub9\Near_Falls\SXT_slip_trial3.xlsx,sub9,Near_Fall,slip,3
sub9\Near_Falls\SXT_slip_trial5.xlsx,sub9,Near_Fall,slip,5
sub9\Near_Falls\SXT_slip_trial6.xlsx,sub9,Near_Fall,slip,6
sub9\Near_Falls\SXT_trip_trial3.xlsx,sub9,Near_Fall,trip,3
sub9\Near_Falls\SXT_trip_trial5.xlsx,sub9,Near_Fall,trip,5
sub9\Near_Falls\SXT_trip_trial6.xlsx,sub9,Near_Fall,trip,6
sub10\ADLs\VXM_AS_trial1.xlsx,sub10,ADL,AS,1
sub10\ADLs\VXM_AS_trial2.xlsx,sub10,ADL,AS,2
sub10\ADLs\VXM_AS_trial3.xlsx,sub10,ADL,AS,3
sub10\ADLs\VXM_DS_trial1.xlsx,sub10,ADL,DS,1
sub10\ADLs\VXM_DS_trial2.xlsx,sub10,ADL,DS,2
sub10\ADLs\VXM_DS_trial3.xlsx,sub10,ADL,DS,3
sub10\ADLs\VXM_DSL_trial1.xlsx,sub10,ADL,DSL,1
sub10\ADLs\VXM_DSL_trial2.xlsx,sub10,ADL,DSL,2
sub10\ADLs\VXM_DSL_trial3.xlsx,sub10,ADL,DSL,3
sub10\ADLs\VXM_DSS_trial1.xlsx,sub10,ADL,DSS,1
sub10\ADLs\VXM_DSS_trial2.xlsx,sub10,ADL,DSS,2
sub10\ADLs\VXM_DSS_trial3.xlsx,sub10,ADL,DSS,3
sub10\ADLs\VXM_NW_trial1.xlsx,sub10,ADL,NW,1
sub10\ADLs\VXM_NW_trial2.xlsx,sub10,ADL,NW,2
sub10\ADLs\VXM_NW_trial3.xlsx,sub10,ADL,NW,3
sub10\ADLs\VXM_POG_trial1.xlsx,sub10,ADL,POG,1
sub10\ADLs\VXM_POG_trial2.xlsx,sub10,ADL,POG,2
sub10\ADLs\VXM_POG_trial3.xlsx,sub10,ADL,POG,3
sub10\ADLs\VXM_RSS_trial1.xlsx,sub10,ADL,RSS,1
sub10\ADLs\VXM_RSS_trial2.xlsx,sub10,ADL,RSS,2
sub10\ADLs\VXM_RSS_trial3.xlsx,sub10,ADL,RSS,3
sub10\ADLs\VXM_SQ_trial1.xlsx,sub10,ADL,SQ,1
sub10\ADLs\VXM_SQ_trial2.xlsx,sub10,ADL,SQ,2
sub10\ADLs\VXM_SQ_trial3.xlsx,sub10,ADL,SQ,3
sub10\Falls\VXM_CS_trial2.xlsx,sub10,Fall,CS,2
sub10\Falls\VXM_CS_trial3.xlsx,sub10,Fall,CS,3
sub10\Falls\VXM_CS_trial4.xlsx,sub10,Fall,CS,4
sub10\Falls\VXM_HB_trial2.xlsx,sub10,Fall,HB,2
sub10\Falls\VXM_HB_trial3.xlsx,sub10,Fall,HB,3
sub10\Falls\VXM_HB_trial5.xlsx,sub10,Fall,HB,5
sub10\Falls\VXM_ITDS_trial1.xlsx,sub10,Fall,ITDS,1
sub10\Falls\VXM_ITDS_trial2.xlsx,sub10,Fall,ITDS,2
sub10\Falls\VXM_ITDS_trial3.xlsx,sub10,Fall,ITDS,3
sub10\Falls\VXM_ITRS_trial1.xlsx,sub10,Fall,ITRS,1
sub10\Falls\VXM_ITRS_trial2.xlsx,sub10,Fall,ITRS,2
sub10\Falls\VXM_ITRS_trial4.xlsx,sub10,Fall,ITRS,4
sub10\Falls\VXM_LCC_trial1.xlsx,sub10,Fall,LCC,1
sub10\Falls\VXM_LCC_trial2.xlsx,sub10,Fall,LCC,2
sub10\Falls\VXM_LCC_trial3.xlsx,sub10,Fall,LCC,3
sub10\Falls\VXM_slip_trial1.xlsx,sub10,Fall,slip,1
sub10\Falls\VXM_slip_trial2.xlsx,sub10,Fall,slip,2
sub10\Falls\VXM_slip_trial5.xlsx,sub10,Fall,slip,5
sub10\Falls\VXM_trip_trial1.xlsx,sub10,Fall,trip,1
sub10\Falls\VXM_trip_trial4.xlsx,sub10,Fall,trip,4
sub10\Falls\VXM_trip_trial5.xlsx,sub10,Fall,trip,5
sub10\Near_Falls\VXM_CS_trial1.xlsx,sub10,Near_Fall,CS,1
sub10\Near_Falls\VXM_CS_trial5.xlsx,sub10,Near_Fall,CS,5
sub10\Near_Falls\VXM_CS_trial6.xlsx,sub10,Near_Fall,CS,6
sub10\Near_Falls\VXM_HB_trial1.xlsx,sub10,Near_Fall,HB,1
sub10\Near_Falls\VXM_HB_trial4.xlsx,sub10,Near_Fall,HB,4
sub10\Near_Falls\VXM_HB_trial6.xlsx,sub10,Near_Fall,HB,6
sub10\Near_Falls\VXM_ITRS_trial3.xlsx,sub10,Near_Fall,ITRS,3
sub10\Near_Falls\VXM_ITRS_trial5.xlsx,sub10,Near_Fall,ITRS,5
sub10\Near_Falls\VXM_ITRS_trial6.xlsx,sub10,Near_Fall,ITRS,6
sub10\Near_Falls\VXM_slip_trial3.xlsx,sub10,Near_Fall,slip,3
sub10\Near_Falls\VXM_slip_trial4.xlsx,sub10,Near_Fall,slip,4
sub10\Near_Falls\VXM_slip_trial6.xlsx,sub10,Near_Fall,slip,6
sub10\Near_Falls\VXM_trip_trial2.xlsx,sub10,Near_Fall,trip,2
sub10\Near_Falls\VXM_trip_trial3.xlsx,sub10,Near_Fall,trip,3
sub10\Near_Falls\VXM_trip_trial6.xlsx,sub10,Near_Fall,trip,6
