subject,label,label_id,scenario,repetition,original_samples,duration_seconds,path
sub1,ADL,0,AS,1,1921,15.0,D:\00-FLagship Project\SFU-IMU Dataset\IMU Dataset\sub1\ADLs\AXR_AS_trial1.xlsx
sub1,ADL,0,AS,2,2561,20.0,D:\00-FLagship Project\SFU-IMU Dataset\IMU Dataset\sub1\ADLs\AXR_AS_trial2.xlsx
sub1,ADL,0,AS,3,2561,20.0,D:\00-FLagship Project\SFU-IMU Dataset\IMU Dataset\sub1\ADLs\AXR_AS_trial3.xlsx
sub1,ADL,0,DS,1,2561,20.0,D:\00-FLagship Project\SFU-IMU Dataset\IMU Dataset\sub1\ADLs\AXR_DS_trial1.xlsx
sub1,ADL,0,DS,2,2562,20.00781,D:\00-FLagship Project\SFU-IMU Dataset\IMU Dataset\sub1\ADLs\AXR_DS_trial2.xlsx
sub1,ADL,0,DS,3,2561,20.0,D:\00-FLagship Project\SFU-IMU Dataset\IMU Dataset\sub1\ADLs\AXR_DS_trial3.xlsx
sub1,ADL,0,DSL,1,1921,15.0,D:\00-FLagship Project\SFU-IMU Dataset\IMU Dataset\sub1\ADLs\JXL_DSL_trial1.xlsx
sub1,ADL,0,DSL,2,1921,15.0,D:\00-FLagship Project\SFU-IMU Dataset\IMU Dataset\sub1\ADLs\JXL_DSL_trial2.xlsx
sub1,ADL,0,DSL,3,1921,15.0,D:\00-FLagship Project\SFU-IMU Dataset\IMU Dataset\sub1\ADLs\JXL_DSL_trial3.xlsx
sub1,ADL,0,DSS,1,1921,15.0,D:\00-FLagship Project\SFU-IMU Dataset\IMU Dataset\sub1\ADLs\JXL_DSS_trial1.xlsx
sub1,ADL,0,DSS,2,1921,15.0,D:\00-FLagship Project\SFU-IMU Dataset\IMU Dataset\sub1\ADLs\JXL_DSS_trial2.xlsx
sub1,ADL,0,DSS,3,1921,15.0,D:\00-FLagship Project\SFU-IMU Dataset\IMU Dataset\sub1\ADLs\JXL_DSS_trial3.xlsx
sub1,ADL,0,NW,1,1921,15.0,D:\00-FLagship Project\SFU-IMU Dataset\IMU Dataset\sub1\ADLs\JXL_NW_trial1.xlsx
sub1,ADL,0,NW,2,1921,15.0,D:\00-FLagship Project\SFU-IMU Dataset\IMU Dataset\sub1\ADLs\JXL_NW_trial2.xlsx
sub1,ADL,0,NW,3,1921,15.0,D:\00-FLagship Project\SFU-IMU Dataset\IMU Dataset\sub1\ADLs\JXL_NW_trial3.xlsx
sub1,ADL,0,POG,1,1921,15.0,D:\00-FLagship Project\SFU-IMU Dataset\IMU Dataset\sub1\ADLs\JXL_POG_trial1.xlsx
sub1,ADL,0,POG,2,1921,15.0,D:\00-FLagship Project\SFU-IMU Dataset\IMU Dataset\sub1\ADLs\JXL_POG_trial2.xlsx
sub1,ADL,0,POG,3,1921,15.0,D:\00-FLagship Project\SFU-IMU Dataset\IMU Dataset\sub1\ADLs\JXL_POG_trial3.xlsx
sub1,ADL,0,RSS,1,1921,15.0,D:\00-FLagship Project\SFU-IMU Dataset\IMU Dataset\sub1\ADLs\JXL_RSS_trial1.xlsx
sub1,ADL,0,RSS,2,1921,15.0,D:\00-FLagship Project\SFU-IMU Dataset\IMU Dataset\sub1\ADLs\JXL_RSS_trial2.xlsx
sub1,ADL,0,RSS,3,1921,15.0,D:\00-FLagship Project\SFU-IMU Dataset\IMU Dataset\sub1\ADLs\JXL_RSS_trial3.xlsx
sub1,ADL,0,SQ,1,1921,15.0,D:\00-FLagship Project\SFU-IMU Dataset\IMU Dataset\sub1\ADLs\JXL_SQ_trial1.xlsx
sub1,ADL,0,SQ,2,1921,15.0,D:\00-FLagship Project\SFU-IMU Dataset\IMU Dataset\sub1\ADLs\JXL_SQ_trial2.xlsx
sub1,ADL,0,SQ,3,1921,15.0,D:\00-FLagship Project\SFU-IMU Dataset\IMU Dataset\sub1\ADLs\JXL_SQ_trial3.xlsx
sub1,Fall,2,ITCS,1,1921,15.0,D:\00-FLagship Project\SFU-IMU Dataset\IMU Dataset\sub1\Falls\AXR_ITCS_trial1.xlsx
sub1,Fall,2,ITCS,3,1921,15.0,D:\00-FLagship Project\SFU-IMU Dataset\IMU Dataset\sub1\Falls\AXR_ITCS_trial3.xlsx
sub1,Fall,2,ITCS,4,1921,15.0,D:\00-FLagship Project\SFU-IMU Dataset\IMU Dataset\sub1\Falls\AXR_ITCS_trial4.xlsx
sub1,Fall,2,slip,1,1921,15.0,D:\00-FLagship Project\SFU-IMU Dataset\IMU Dataset\sub1\Falls\AXR_slip_trial1.xlsx
sub1,Fall,2,slip,2,1921,15.0,D:\00-FLagship Project\SFU-IMU Dataset\IMU Dataset\sub1\Falls\AXR_slip_trial2.xlsx
sub1,Fall,2,slip,6,1922,15.00781,D:\00-FLagship Project\SFU-IMU Dataset\IMU Dataset\sub1\Falls\AXR_slip_trial6.xlsx
sub1,Fall,2,HB,2,1921,15.0,D:\00-FLagship Project\SFU-IMU Dataset\IMU Dataset\sub1\Falls\JXL_HB_trial2.xlsx
sub1,Fall,2,HB,3,1921,15.0,D:\00-FLagship Project\SFU-IMU Dataset\IMU Dataset\sub1\Falls\JXL_HB_trial3.xlsx
sub1,Fall,2,HB,4,1921,15.0,D:\00-FLagship Project\SFU-IMU Dataset\IMU Dataset\sub1\Falls\JXL_HB_trial4.xlsx
sub1,Fall,2,ITDS,1,1921,15.0,D:\00-FLagship Project\SFU-IMU Dataset\IMU Dataset\sub1\Falls\JXL_ITDS_trial1.xlsx
sub1,Fall,2,ITDS,2,1921,15.0,D:\00-FLagship Project\SFU-IMU Dataset\IMU Dataset\sub1\Falls\JXL_ITDS_trial2.xlsx
sub1,Fall,2,ITDS,3,1921,15.0,D:\00-FLagship Project\SFU-IMU Dataset\IMU Dataset\sub1\Falls\JXL_ITDS_trial3.xlsx
sub1,Fall,2,ITRS,1,1921,15.0,D:\00-FLagship Project\SFU-IMU Dataset\IMU Dataset\sub1\Falls\JXL_ITRS_trial1.xlsx
sub1,Fall,2,ITRS,2,1922,15.00781,D:\00-FLagship Project\SFU-IMU Dataset\IMU Dataset\sub1\Falls\JXL_ITRS_trial2.xlsx
sub1,Fall,2,ITRS,4,1921,15.0,D:\00-FLagship Project\SFU-IMU Dataset\IMU Dataset\sub1\Falls\JXL_ITRS_trial4.xlsx
sub1,Fall,2,LCC,1,1921,15.0,D:\00-FLagship Project\SFU-IMU Dataset\IMU Dataset\sub1\Falls\JXL_LCC_trial1.xlsx
sub1,Fall,2,LCC,2,1921,15.0,D:\00-FLagship Project\SFU-IMU Dataset\IMU Dataset\sub1\Falls\JXL_LCC_trial2.xlsx
sub1,Fall,2,LCC,3,1921,15.0,D:\00-FLagship Project\SFU-IMU Dataset\IMU Dataset\sub1\Falls\JXL_LCC_trial3.xlsx
sub1,Fall,2,trip,1,1921,15.0,D:\00-FLagship Project\SFU-IMU Dataset\IMU Dataset\sub1\Falls\JXL_trip_trial1.xlsx
sub1,Fall,2,trip,2,1921,15.0,D:\00-FLagship Project\SFU-IMU Dataset\IMU Dataset\sub1\Falls\JXL_trip_trial2.xlsx
sub1,Fall,2,trip,4,1921,15.0,D:\00-FLagship Project\SFU-IMU Dataset\IMU Dataset\sub1\Falls\JXL_trip_trial4.xlsx
sub1,Near_Fall,1,ITCS,2,1921,15.0,D:\00-FLagship Project\SFU-IMU Dataset\IMU Dataset\sub1\Near_Falls\AXR_ITCS_trial2.xlsx
sub1,Near_Fall,1,ITCS,5,1921,15.0,D:\00-FLagship Project\SFU-IMU Dataset\IMU Dataset\sub1\Near_Falls\AXR_ITCS_trial5.xlsx
sub1,Near_Fall,1,ITCS,6,1921,15.0,D:\00-FLagship Project\SFU-IMU Dataset\IMU Dataset\sub1\Near_Falls\AXR_ITCS_trial6.xlsx
sub1,Near_Fall,1,slip,3,1921,15.0,D:\00-FLagship Project\SFU-IMU Dataset\IMU Dataset\sub1\Near_Falls\AXR_slip_trial3.xlsx
sub1,Near_Fall,1,slip,4,1921,15.0,D:\00-FLagship Project\SFU-IMU Dataset\IMU Dataset\sub1\Near_Falls\AXR_slip_trial4.xlsx
sub1,Near_Fall,1,slip,5,1921,15.0,D:\00-FLagship Project\SFU-IMU Dataset\IMU Dataset\sub1\Near_Falls\AXR_slip_trial5.xlsx
sub1,Near_Fall,1,HB,1,1921,15.0,D:\00-FLagship Project\SFU-IMU Dataset\IMU Dataset\sub1\Near_Falls\JXL_HB_trial1.xlsx
sub1,Near_Fall,1,HB,5,1921,15.0,D:\00-FLagship Project\SFU-IMU Dataset\IMU Dataset\sub1\Near_Falls\JXL_HB_trial5.xlsx
sub1,Near_Fall,1,HB,6,1921,15.0,D:\00-FLagship Project\SFU-IMU Dataset\IMU Dataset\sub1\Near_Falls\JXL_HB_trial6.xlsx
sub1,Near_Fall,1,ITRS,3,1921,15.0,D:\00-FLagship Project\SFU-IMU Dataset\IMU Dataset\sub1\Near_Falls\JXL_ITRS_trial3.xlsx
sub1,Near_Fall,1,ITRS,5,1921,15.0,D:\00-FLagship Project\SFU-IMU Dataset\IMU Dataset\sub1\Near_Falls\JXL_ITRS_trial5.xlsx
sub1,Near_Fall,1,ITRS,6,1921,15.0,D:\00-FLagship Project\SFU-IMU Dataset\IMU Dataset\sub1\Near_Falls\JXL_ITRS_trial6.xlsx
sub1,Near_Fall,1,trip,3,1921,15.0,D:\00-FLagship Project\SFU-IMU Dataset\IMU Dataset\sub1\Near_Falls\JXL_trip_trial3.xlsx
sub1,Near_Fall,1,trip,5,1921,15.0,D:\00-FLagship Project\SFU-IMU Dataset\IMU Dataset\sub1\Near_Falls\JXL_trip_trial5.xlsx
sub1,Near_Fall,1,trip,6,1921,15.0,D:\00-FLagship Project\SFU-IMU Dataset\IMU Dataset\sub1\Near_Falls\JXL_trip_trial6.xlsx
sub2,ADL,0,AS,1,2561,20.0,D:\00-FLagship Project\SFU-IMU Dataset\IMU Dataset\sub2\ADLs\TXI_AS_trial1.xlsx
sub2,ADL,0,AS,2,2561,20.0,D:\00-FLagship Project\SFU-IMU Dataset\IMU Dataset\sub2\ADLs\TXI_AS_trial2.xlsx
sub2,ADL,0,AS,3,2561,20.0,D:\00-FLagship Project\SFU-IMU Dataset\IMU Dataset\sub2\ADLs\TXI_AS_trial3.xlsx
sub2,ADL,0,DS,1,2561,20.0,D:\00-FLagship Project\SFU-IMU Dataset\IMU Dataset\sub2\ADLs\TXI_DS_trial1.xlsx
sub2,ADL,0,DS,2,2561,20.0,D:\00-FLagship Project\SFU-IMU Dataset\IMU Dataset\sub2\ADLs\TXI_DS_trial2.xlsx
sub2,ADL,0,DS,3,2561,20.0,D:\00-FLagship Project\SFU-IMU Dataset\IMU Dataset\sub2\ADLs\TXI_DS_trial3.xlsx
sub2,ADL,0,DSL,1,1921,15.0,D:\00-FLagship Project\SFU-IMU Dataset\IMU Dataset\sub2\ADLs\TXI_DSL_trial1.xlsx
sub2,ADL,0,DSL,2,1922,15.00781,D:\00-FLagship Project\SFU-IMU Dataset\IMU Dataset\sub2\ADLs\TXI_DSL_trial2.xlsx
sub2,ADL,0,DSL,3,1921,15.0,D:\00-FLagship Project\SFU-IMU Dataset\IMU Dataset\sub2\ADLs\TXI_DSL_trial3.xlsx
sub2,ADL,0,DSS,1,1921,15.0,D:\00-FLagship Project\SFU-IMU Dataset\IMU Dataset\sub2\ADLs\TXI_DSS_trial1.xlsx
sub2,ADL,0,DSS,2,1921,15.0,D:\00-FLagship Project\SFU-IMU Dataset\IMU Dataset\sub2\ADLs\TXI_DSS_trial2.xlsx
sub2,ADL,0,DSS,3,1921,15.0,D:\00-FLagship Project\SFU-IMU Dataset\IMU Dataset\sub2\ADLs\TXI_DSS_trial3.xlsx
sub2,ADL,0,NW,1,1921,15.0,D:\00-FLagship Project\SFU-IMU Dataset\IMU Dataset\sub2\ADLs\TXI_NW_trial1.xlsx
sub2,ADL,0,NW,2,1921,15.0,D:\00-FLagship Project\SFU-IMU Dataset\IMU Dataset\sub2\ADLs\TXI_NW_trial2.xlsx
sub2,ADL,0,NW,3,1921,15.0,D:\00-FLagship Project\SFU-IMU Dataset\IMU Dataset\sub2\ADLs\TXI_NW_trial3.xlsx
sub2,ADL,0,POG,1,1921,15.0,D:\00-FLagship Project\SFU-IMU Dataset\IMU Dataset\sub2\ADLs\TXI_POG_trial1.xlsx
sub2,ADL,0,POG,2,1921,15.0,D:\00-FLagship Project\SFU-IMU Dataset\IMU Dataset\sub2\ADLs\TXI_POG_trial2.xlsx
sub2,ADL,0,POG,3,1921,15.0,D:\00-FLagship Project\SFU-IMU Dataset\IMU Dataset\sub2\ADLs\TXI_POG_trial3.xlsx
sub2,ADL,0,RSS,1,1921,15.0,D:\00-FLagship Project\SFU-IMU Dataset\IMU Dataset\sub2\ADLs\TXI_RSS_trial1.xlsx
sub2,ADL,0,RSS,2,1921,15.0,D:\00-FLagship Project\SFU-IMU Dataset\IMU Dataset\sub2\ADLs\TXI_RSS_trial2.xlsx
sub2,ADL,0,RSS,3,1921,15.0,D:\00-FLagship Project\SFU-IMU Dataset\IMU Dataset\sub2\ADLs\TXI_RSS_trial3.xlsx
sub2,ADL,0,SQ,1,1922,15.00781,D:\00-FLagship Project\SFU-IMU Dataset\IMU Dataset\sub2\ADLs\TXI_SQ_trial1.xlsx
sub2,ADL,0,SQ,2,1921,15.0,D:\00-FLagship Project\SFU-IMU Dataset\IMU Dataset\sub2\ADLs\TXI_SQ_trial2.xlsx
sub2,ADL,0,SQ,3,1921,15.0,D:\00-FLagship Project\SFU-IMU Dataset\IMU Dataset\sub2\ADLs\TXI_SQ_trial3.xlsx
sub2,Fall,2,CS,1,1921,15.0,D:\00-FLagship Project\SFU-IMU Dataset\IMU Dataset\sub2\Falls\TXI_CS_trial1.xlsx
sub2,Fall,2,CS,4,1921,15.0,D:\00-FLagship Project\SFU-IMU Dataset\IMU Dataset\sub2\Falls\TXI_CS_trial4.xlsx
sub2,Fall,2,CS,5,1921,15.0,D:\00-FLagship Project\SFU-IMU Dataset\IMU Dataset\sub2\Falls\TXI_CS_trial5.xlsx
sub2,Fall,2,HB,1,1921,15.0,D:\00-FLagship Project\SFU-IMU Dataset\IMU Dataset\sub2\Falls\TXI_HB_trial1.xlsx
sub2,Fall,2,HB,2,1921,15.0,D:\00-FLagship Project\SFU-IMU Dataset\IMU Dataset\sub2\Falls\TXI_HB_trial2.xlsx
sub2,Fall,2,HB,4,1921,15.0,D:\00-FLagship Project\SFU-IMU Dataset\IMU Dataset\sub2\Falls\TXI_HB_trial4.xlsx
sub2,Fall,2,ITDS,1,1922,15.00781,D:\00-FLagship Project\SFU-IMU Dataset\IMU Dataset\sub2\Falls\TXI_ITDS_trial1.xlsx
sub2,Fall,2,ITDS,2,1921,15.0,D:\00-FLagship Project\SFU-IMU Dataset\IMU Dataset\sub2\Falls\TXI_ITDS_trial2.xlsx
sub2,Fall,2,ITDS,3,1921,15.0,D:\00-FLagship Project\SFU-IMU Dataset\IMU Dataset\sub2\Falls\TXI_ITDS_trial3.xlsx
sub2,Fall,2,ITRS,2,1921,15.0,D:\00-FLagship Project\SFU-IMU Dataset\IMU Dataset\sub2\Falls\TXI_ITRS_trial2.xlsx
sub2,Fall,2,ITRS,3,1921,15.0,D:\00-FLagship Project\SFU-IMU Dataset\IMU Dataset\sub2\Falls\TXI_ITRS_trial3.xlsx
sub2,Fall,2,ITRS,5,1921,15.0,D:\00-FLagship Project\SFU-IMU Dataset\IMU Dataset\sub2\Falls\TXI_ITRS_trial5.xlsx
sub2,Fall,2,LCC,1,1921,15.0,D:\00-FLagship Project\SFU-IMU Dataset\IMU Dataset\sub2\Falls\TXI_LCC_trial1.xlsx
sub2,Fall,2,LCC,2,1921,15.0,D:\00-FLagship Project\SFU-IMU Dataset\IMU Dataset\sub2\Falls\TXI_LCC_trial2.xlsx
sub2,Fall,2,LCC,3,1921,15.0,D:\00-FLagship Project\SFU-IMU Dataset\IMU Dataset\sub2\Falls\TXI_LCC_trial3.xlsx
sub2,Fall,2,slip,1,1921,15.0,D:\00-FLagship Project\SFU-IMU Dataset\IMU Dataset\sub2\Falls\TXI_slip_trial1.xlsx
sub2,Fall,2,slip,2,1921,15.0,D:\00-FLagship Project\SFU-IMU Dataset\IMU Dataset\sub2\Falls\TXI_slip_trial2.xlsx
sub2,Fall,2,slip,5,1921,15.0,D:\00-FLagship Project\SFU-IMU Dataset\IMU Dataset\sub2\Falls\TXI_slip_trial5.xlsx
sub2,Fall,2,trip,2,1921,15.0,D:\00-FLagship Project\SFU-IMU Dataset\IMU Dataset\sub2\Falls\TXI_trip_trial2.xlsx
sub2,Fall,2,trip,4,1921,15.0,D:\00-FLagship Project\SFU-IMU Dataset\IMU Dataset\sub2\Falls\TXI_trip_trial4.xlsx
sub2,Fall,2,trip,5,1921,15.0,D:\00-FLagship Project\SFU-IMU Dataset\IMU Dataset\sub2\Falls\TXI_trip_trial5.xlsx
sub2,Near_Fall,1,CS,2,1921,15.0,D:\00-FLagship Project\SFU-IMU Dataset\IMU Dataset\sub2\Near_Falls\TXI_CS_trial2.xlsx
sub2,Near_Fall,1,CS,3,1921,15.0,D:\00-FLagship Project\SFU-IMU Dataset\IMU Dataset\sub2\Near_Falls\TXI_CS_trial3.xlsx
sub2,Near_Fall,1,CS,6,1921,15.0,D:\00-FLagship Project\SFU-IMU Dataset\IMU Dataset\sub2\Near_Falls\TXI_CS_trial6.xlsx
sub2,Near_Fall,1,HB,3,1921,15.0,D:\00-FLagship Project\SFU-IMU Dataset\IMU Dataset\sub2\Near_Falls\TXI_HB_trial3.xlsx
sub2,Near_Fall,1,HB,5,1922,15.00781,D:\00-FLagship Project\SFU-IMU Dataset\IMU Dataset\sub2\Near_Falls\TXI_HB_trial5.xlsx
sub2,Near_Fall,1,HB,6,1921,15.0,D:\00-FLagship Project\SFU-IMU Dataset\IMU Dataset\sub2\Near_Falls\TXI_HB_trial6.xlsx
sub2,Near_Fall,1,ITRS,1,1921,15.0,D:\00-FLagship Project\SFU-IMU Dataset\IMU Dataset\sub2\Near_Falls\TXI_ITRS_trial1.xlsx
sub2,Near_Fall,1,ITRS,4,1921,15.0,D:\00-FLagship Project\SFU-IMU Dataset\IMU Dataset\sub2\Near_Falls\TXI_ITRS_trial4.xlsx
sub2,Near_Fall,1,ITRS,6,1921,15.0,D:\00-FLagship Project\SFU-IMU Dataset\IMU Dataset\sub2\Near_Falls\TXI_ITRS_trial6.xlsx
sub2,Near_Fall,1,slip,3,1921,15.0,D:\00-FLagship Project\SFU-IMU Dataset\IMU Dataset\sub2\Near_Falls\TXI_slip_trial3.xlsx
sub2,Near_Fall,1,slip,4,1921,15.0,D:\00-FLagship Project\SFU-IMU Dataset\IMU Dataset\sub2\Near_Falls\TXI_slip_trial4.xlsx
sub2,Near_Fall,1,slip,7,1921,15.0,D:\00-FLagship Project\SFU-IMU Dataset\IMU Dataset\sub2\Near_Falls\TXI_slip_trial7.xlsx
sub2,Near_Fall,1,trip,1,1921,15.0,D:\00-FLagship Project\SFU-IMU Dataset\IMU Dataset\sub2\Near_Falls\TXI_trip_trial1.xlsx
sub2,Near_Fall,1,trip,3,1921,15.0,D:\00-FLagship Project\SFU-IMU Dataset\IMU Dataset\sub2\Near_Falls\TXI_trip_trial3.xlsx
sub2,Near_Fall,1,trip,6,1921,15.0,D:\00-FLagship Project\SFU-IMU Dataset\IMU Dataset\sub2\Near_Falls\TXI_trip_trial6.xlsx
sub3,ADL,0,AS,1,2561,20.0,D:\00-FLagship Project\SFU-IMU Dataset\IMU Dataset\sub3\ADLs\CXR_AS_trial1.xlsx
sub3,ADL,0,AS,2,2561,20.0,D:\00-FLagship Project\SFU-IMU Dataset\IMU Dataset\sub3\ADLs\CXR_AS_trial2.xlsx
sub3,ADL,0,AS,3,2562,20.00781,D:\00-FLagship Project\SFU-IMU Dataset\IMU Dataset\sub3\ADLs\CXR_AS_trial3.xlsx
sub3,ADL,0,DS,1,2561,20.0,D:\00-FLagship Project\SFU-IMU Dataset\IMU Dataset\sub3\ADLs\CXR_DS_trial1.xlsx
sub3,ADL,0,DS,2,2561,20.0,D:\00-FLagship Project\SFU-IMU Dataset\IMU Dataset\sub3\ADLs\CXR_DS_trial2.xlsx
sub3,ADL,0,DS,3,2561,20.0,D:\00-FLagship Project\SFU-IMU Dataset\IMU Dataset\sub3\ADLs\CXR_DS_trial3.xlsx
sub3,ADL,0,DSL,1,1921,15.0,D:\00-FLagship Project\SFU-IMU Dataset\IMU Dataset\sub3\ADLs\CXR_DSL_trial1.xlsx
sub3,ADL,0,DSL,2,1921,15.0,D:\00-FLagship Project\SFU-IMU Dataset\IMU Dataset\sub3\ADLs\CXR_DSL_trial2.xlsx
sub3,ADL,0,DSL,3,1921,15.0,D:\00-FLagship Project\SFU-IMU Dataset\IMU Dataset\sub3\ADLs\CXR_DSL_trial3.xlsx
sub3,ADL,0,DSS,1,1921,15.0,D:\00-FLagship Project\SFU-IMU Dataset\IMU Dataset\sub3\ADLs\CXR_DSS_trial1.xlsx
sub3,ADL,0,DSS,2,1921,15.0,D:\00-FLagship Project\SFU-IMU Dataset\IMU Dataset\sub3\ADLs\CXR_DSS_trial2.xlsx
sub3,ADL,0,DSS,3,1921,15.0,D:\00-FLagship Project\SFU-IMU Dataset\IMU Dataset\sub3\ADLs\CXR_DSS_trial3.xlsx
sub3,ADL,0,NW,1,1921,15.0,D:\00-FLagship Project\SFU-IMU Dataset\IMU Dataset\sub3\ADLs\CXR_NW_trial1.xlsx
sub3,ADL,0,NW,2,1921,15.0,D:\00-FLagship Project\SFU-IMU Dataset\IMU Dataset\sub3\ADLs\CXR_NW_trial2.xlsx
sub3,ADL,0,NW,3,1921,15.0,D:\00-FLagship Project\SFU-IMU Dataset\IMU Dataset\sub3\ADLs\CXR_NW_trial3.xlsx
sub3,ADL,0,POG,1,1921,15.0,D:\00-FLagship Project\SFU-IMU Dataset\IMU Dataset\sub3\ADLs\CXR_POG_trial1.xlsx
sub3,ADL,0,POG,2,1921,15.0,D:\00-FLagship Project\SFU-IMU Dataset\IMU Dataset\sub3\ADLs\CXR_POG_trial2.xlsx
sub3,ADL,0,POG,3,1921,15.0,D:\00-FLagship Project\SFU-IMU Dataset\IMU Dataset\sub3\ADLs\CXR_POG_trial3.xlsx
sub3,ADL,0,RSS,1,1921,15.0,D:\00-FLagship Project\SFU-IMU Dataset\IMU Dataset\sub3\ADLs\CXR_RSS_trial1.xlsx
sub3,ADL,0,RSS,2,1921,15.0,D:\00-FLagship Project\SFU-IMU Dataset\IMU Dataset\sub3\ADLs\CXR_RSS_trial2.xlsx
sub3,ADL,0,RSS,3,1921,15.0,D:\00-FLagship Project\SFU-IMU Dataset\IMU Dataset\sub3\ADLs\CXR_RSS_trial3.xlsx
sub3,ADL,0,SQ,1,1921,15.0,D:\00-FLagship Project\SFU-IMU Dataset\IMU Dataset\sub3\ADLs\CXR_SQ_trial1.xlsx
sub3,ADL,0,SQ,2,1921,15.0,D:\00-FLagship Project\SFU-IMU Dataset\IMU Dataset\sub3\ADLs\CXR_SQ_trial2.xlsx
sub3,ADL,0,SQ,3,1921,15.0,D:\00-FLagship Project\SFU-IMU Dataset\IMU Dataset\sub3\ADLs\CXR_SQ_trial3.xlsx
sub3,Fall,2,CS,1,1921,15.0,D:\00-FLagship Project\SFU-IMU Dataset\IMU Dataset\sub3\Falls\CXR_CS_trial1.xlsx
sub3,Fall,2,CS,2,1921,15.0,D:\00-FLagship Project\SFU-IMU Dataset\IMU Dataset\sub3\Falls\CXR_CS_trial2.xlsx
sub3,Fall,2,CS,4,1921,15.0,D:\00-FLagship Project\SFU-IMU Dataset\IMU Dataset\sub3\Falls\CXR_CS_trial4.xlsx
sub3,Fall,2,HB,2,1921,15.0,D:\00-FLagship Project\SFU-IMU Dataset\IMU Dataset\sub3\Falls\CXR_HB_trial2.xlsx
sub3,Fall,2,HB,3,1921,15.0,D:\00-FLagship Project\SFU-IMU Dataset\IMU Dataset\sub3\Falls\CXR_HB_trial3.xlsx
sub3,Fall,2,HB,4,1921,15.0,D:\00-FLagship Project\SFU-IMU Dataset\IMU Dataset\sub3\Falls\CXR_HB_trial4.xlsx
sub3,Fall,2,ITDS,1,1921,15.0,D:\00-FLagship Project\SFU-IMU Dataset\IMU Dataset\sub3\Falls\CXR_ITDS_trial1.xlsx
sub3,Fall,2,ITDS,2,1921,15.0,D:\00-FLagship Project\SFU-IMU Dataset\IMU Dataset\sub3\Falls\CXR_ITDS_trial2.xlsx
sub3,Fall,2,ITDS,3,1922,15.00781,D:\00-FLagship Project\SFU-IMU Dataset\IMU Dataset\sub3\Falls\CXR_ITDS_trial3.xlsx
sub3,Fall,2,ITRS,1,1921,15.0,D:\00-FLagship Project\SFU-IMU Dataset\IMU Dataset\sub3\Falls\CXR_ITRS_trial1.xlsx
sub3,Fall,2,ITRS,3,1921,15.0,D:\00-FLagship Project\SFU-IMU Dataset\IMU Dataset\sub3\Falls\CXR_ITRS_trial3.xlsx
sub3,Fall,2,ITRS,4,1921,15.0,D:\00-FLagship Project\SFU-IMU Dataset\IMU Dataset\sub3\Falls\CXR_ITRS_trial4.xlsx
sub3,Fall,2,LCC,1,1921,15.0,D:\00-FLagship Project\SFU-IMU Dataset\IMU Dataset\sub3\Falls\CXR_LCC_trial1.xlsx
sub3,Fall,2,LCC,2,1921,15.0,D:\00-FLagship Project\SFU-IMU Dataset\IMU Dataset\sub3\Falls\CXR_LCC_trial2.xlsx
sub3,Fall,2,LCC,3,1921,15.0,D:\00-FLagship Project\SFU-IMU Dataset\IMU Dataset\sub3\Falls\CXR_LCC_trial3.xlsx
sub3,Fall,2,slip,1,1921,15.0,D:\00-FLagship Project\SFU-IMU Dataset\IMU Dataset\sub3\Falls\CXR_slip_trial1.xlsx
sub3,Fall,2,slip,2,1921,15.0,D:\00-FLagship Project\SFU-IMU Dataset\IMU Dataset\sub3\Falls\CXR_slip_trial2.xlsx
sub3,Fall,2,slip,5,1921,15.0,D:\00-FLagship Project\SFU-IMU Dataset\IMU Dataset\sub3\Falls\CXR_slip_trial5.xlsx
sub3,Fall,2,trip,1,1921,15.0,D:\00-FLagship Project\SFU-IMU Dataset\IMU Dataset\sub3\Falls\CXR_trip_trial1.xlsx
sub3,Fall,2,trip,2,1921,15.0,D:\00-FLagship Project\SFU-IMU Dataset\IMU Dataset\sub3\Falls\CXR_trip_trial2.xlsx
sub3,Fall,2,trip,5,1921,15.0,D:\00-FLagship Project\SFU-IMU Dataset\IMU Dataset\sub3\Falls\CXR_trip_trial5.xlsx
sub3,Near_Fall,1,CS,3,1921,15.0,D:\00-FLagship Project\SFU-IMU Dataset\IMU Dataset\sub3\Near_Falls\CXR_CS_trial3.xlsx
sub3,Near_Fall,1,CS,5,1921,15.0,D:\00-FLagship Project\SFU-IMU Dataset\IMU Dataset\sub3\Near_Falls\CXR_CS_trial5.xlsx
sub3,Near_Fall,1,CS,6,1921,15.0,D:\00-FLagship Project\SFU-IMU Dataset\IMU Dataset\sub3\Near_Falls\CXR_CS_trial6.xlsx
sub3,Near_Fall,1,HB,1,1921,15.0,D:\00-FLagship Project\SFU-IMU Dataset\IMU Dataset\sub3\Near_Falls\CXR_HB_trial1.xlsx
sub3,Near_Fall,1,HB,5,1921,15.0,D:\00-FLagship Project\SFU-IMU Dataset\IMU Dataset\sub3\Near_Falls\CXR_HB_trial5.xlsx
sub3,Near_Fall,1,HB,6,1921,15.0,D:\00-FLagship Project\SFU-IMU Dataset\IMU Dataset\sub3\Near_Falls\CXR_HB_trial6.xlsx
sub3,Near_Fall,1,ITRS,2,1921,15.0,D:\00-FLagship Project\SFU-IMU Dataset\IMU Dataset\sub3\Near_Falls\CXR_ITRS_trial2.xlsx
sub3,Near_Fall,1,ITRS,5,1921,15.0,D:\00-FLagship Project\SFU-IMU Dataset\IMU Dataset\sub3\Near_Falls\CXR_ITRS_trial5.xlsx
sub3,Near_Fall,1,ITRS,6,1921,15.0,D:\00-FLagship Project\SFU-IMU Dataset\IMU Dataset\sub3\Near_Falls\CXR_ITRS_trial6.xlsx
sub3,Near_Fall,1,slip,3,1921,15.0,D:\00-FLagship Project\SFU-IMU Dataset\IMU Dataset\sub3\Near_Falls\CXR_slip_trial3.xlsx
sub3,Near_Fall,1,slip,4,1921,15.0,D:\00-FLagship Project\SFU-IMU Dataset\IMU Dataset\sub3\Near_Falls\CXR_slip_trial4.xlsx
sub3,Near_Fall,1,slip,6,1922,15.007819999999999,D:\00-FLagship Project\SFU-IMU Dataset\IMU Dataset\sub3\Near_Falls\CXR_slip_trial6.xlsx
sub3,Near_Fall,1,trip,3,1921,15.0,D:\00-FLagship Project\SFU-IMU Dataset\IMU Dataset\sub3\Near_Falls\CXR_trip_trial3.xlsx
sub3,Near_Fall,1,trip,4,1921,15.0,D:\00-FLagship Project\SFU-IMU Dataset\IMU Dataset\sub3\Near_Falls\CXR_trip_trial4.xlsx
sub3,Near_Fall,1,trip,6,1921,15.0,D:\00-FLagship Project\SFU-IMU Dataset\IMU Dataset\sub3\Near_Falls\CXR_trip_trial6.xlsx
sub4,ADL,0,AS,1,2561,20.0,D:\00-FLagship Project\SFU-IMU Dataset\IMU Dataset\sub4\ADLs\AXJ_AS_trial1.xlsx
sub4,ADL,0,AS,2,2561,20.0,D:\00-FLagship Project\SFU-IMU Dataset\IMU Dataset\sub4\ADLs\AXJ_AS_trial2.xlsx
sub4,ADL,0,AS,3,2561,20.0,D:\00-FLagship Project\SFU-IMU Dataset\IMU Dataset\sub4\ADLs\AXJ_AS_trial3.xlsx
sub4,ADL,0,DS,1,2561,20.0,D:\00-FLagship Project\SFU-IMU Dataset\IMU Dataset\sub4\ADLs\AXJ_DS_trial1.xlsx
sub4,ADL,0,DS,2,2561,20.0,D:\00-FLagship Project\SFU-IMU Dataset\IMU Dataset\sub4\ADLs\AXJ_DS_trial2.xlsx
sub4,ADL,0,DS,3,2561,20.0,D:\00-FLagship Project\SFU-IMU Dataset\IMU Dataset\sub4\ADLs\AXJ_DS_trial3.xlsx
sub4,ADL,0,DSL,1,1921,15.0,D:\00-FLagship Project\SFU-IMU Dataset\IMU Dataset\sub4\ADLs\AXJ_DSL_trial1.xlsx
sub4,ADL,0,DSL,2,1921,15.0,D:\00-FLagship Project\SFU-IMU Dataset\IMU Dataset\sub4\ADLs\AXJ_DSL_trial2.xlsx
sub4,ADL,0,DSL,3,1921,15.0,D:\00-FLagship Project\SFU-IMU Dataset\IMU Dataset\sub4\ADLs\AXJ_DSL_trial3.xlsx
sub4,ADL,0,DSS,1,1921,15.0,D:\00-FLagship Project\SFU-IMU Dataset\IMU Dataset\sub4\ADLs\AXJ_DSS_trial1.xlsx
sub4,ADL,0,DSS,2,1921,15.0,D:\00-FLagship Project\SFU-IMU Dataset\IMU Dataset\sub4\ADLs\AXJ_DSS_trial2.xlsx
sub4,ADL,0,DSS,4,1921,15.0,D:\00-FLagship Project\SFU-IMU Dataset\IMU Dataset\sub4\ADLs\AXJ_DSS_trial4.xlsx
sub4,ADL,0,NW,1,1921,15.0,D:\00-FLagship Project\SFU-IMU Dataset\IMU Dataset\sub4\ADLs\AXJ_NW_trial1.xlsx
sub4,ADL,0,NW,2,1921,15.0,D:\00-FLagship Project\SFU-IMU Dataset\IMU Dataset\sub4\ADLs\AXJ_NW_trial2.xlsx
sub4,ADL,0,NW,3,1921,15.0,D:\00-FLagship Project\SFU-IMU Dataset\IMU Dataset\sub4\ADLs\AXJ_NW_trial3.xlsx
sub4,ADL,0,POG,1,1921,15.0,D:\00-FLagship Project\SFU-IMU Dataset\IMU Dataset\sub4\ADLs\AXJ_POG_trial1.xlsx
sub4,ADL,0,POG,2,1921,15.0,D:\00-FLagship Project\SFU-IMU Dataset\IMU Dataset\sub4\ADLs\AXJ_POG_trial2.xlsx
sub4,ADL,0,POG,3,1921,15.0,D:\00-FLagship Project\SFU-IMU Dataset\IMU Dataset\sub4\ADLs\AXJ_POG_trial3.xlsx
sub4,ADL,0,RSS,1,1921,15.0,D:\00-FLagship Project\SFU-IMU Dataset\IMU Dataset\sub4\ADLs\AXJ_RSS_trial1.xlsx
sub4,ADL,0,RSS,2,1921,15.0,D:\00-FLagship Project\SFU-IMU Dataset\IMU Dataset\sub4\ADLs\AXJ_RSS_trial2.xlsx
sub4,ADL,0,RSS,3,1921,15.0,D:\00-FLagship Project\SFU-IMU Dataset\IMU Dataset\sub4\ADLs\AXJ_RSS_trial3.xlsx
sub4,ADL,0,SQ,1,1921,15.0,D:\00-FLagship Project\SFU-IMU Dataset\IMU Dataset\sub4\ADLs\AXJ_SQ_trial1.xlsx
sub4,ADL,0,SQ,2,1921,15.0,D:\00-FLagship Project\SFU-IMU Dataset\IMU Dataset\sub4\ADLs\AXJ_SQ_trial2.xlsx
sub4,ADL,0,SQ,3,1921,15.0,D:\00-FLagship Project\SFU-IMU Dataset\IMU Dataset\sub4\ADLs\AXJ_SQ_trial3.xlsx
sub4,Fall,2,CS,1,1921,15.0,D:\00-FLagship Project\SFU-IMU Dataset\IMU Dataset\sub4\Falls\AXJ_CS_trial1.xlsx
sub4,Fall,2,CS,2,1921,15.0,D:\00-FLagship Project\SFU-IMU Dataset\IMU Dataset\sub4\Falls\AXJ_CS_trial2.xlsx
sub4,Fall,2,CS,4,1911,15.0,D:\00-FLagship Project\SFU-IMU Dataset\IMU Dataset\sub4\Falls\AXJ_CS_trial4.xlsx
sub4,Fall,2,HB,2,1922,15.00781,D:\00-FLagship Project\SFU-IMU Dataset\IMU Dataset\sub4\Falls\AXJ_HB_trial2.xlsx
sub4,Fall,2,HB,3,1921,15.0,D:\00-FLagship Project\SFU-IMU Dataset\IMU Dataset\sub4\Falls\AXJ_HB_trial3.xlsx
sub4,Fall,2,HB,4,1921,15.0,D:\00-FLagship Project\SFU-IMU Dataset\IMU Dataset\sub4\Falls\AXJ_HB_trial4.xlsx
sub4,Fall,2,ITDS,1,1921,15.0,D:\00-FLagship Project\SFU-IMU Dataset\IMU Dataset\sub4\Falls\AXJ_ITDS_trial1.xlsx
sub4,Fall,2,ITDS,2,1921,15.0,D:\00-FLagship Project\SFU-IMU Dataset\IMU Dataset\sub4\Falls\AXJ_ITDS_trial2.xlsx
sub4,Fall,2,ITDS,3,1922,15.00781,D:\00-FLagship Project\SFU-IMU Dataset\IMU Dataset\sub4\Falls\AXJ_ITDS_trial3.xlsx
sub4,Fall,2,ITRS,1,1921,15.0,D:\00-FLagship Project\SFU-IMU Dataset\IMU Dataset\sub4\Falls\AXJ_ITRS_trial1.xlsx
sub4,Fall,2,ITRS,2,1921,15.0,D:\00-FLagship Project\SFU-IMU Dataset\IMU Dataset\sub4\Falls\AXJ_ITRS_trial2.xlsx
sub4,Fall,2,ITRS,5,1921,15.0,D:\00-FLagship Project\SFU-IMU Dataset\IMU Dataset\sub4\Falls\AXJ_ITRS_trial5.xlsx
sub4,Fall,2,LCC,1,1921,15.0,D:\00-FLagship Project\SFU-IMU Dataset\IMU Dataset\sub4\Falls\AXJ_LCC_trial1.xlsx
sub4,Fall,2,LCC,2,1921,15.0,D:\00-FLagship Project\SFU-IMU Dataset\IMU Dataset\sub4\Falls\AXJ_LCC_trial2.xlsx
sub4,Fall,2,LCC,3,1921,15.0,D:\00-FLagship Project\SFU-IMU Dataset\IMU Dataset\sub4\Falls\AXJ_LCC_trial3.xlsx
sub4,Fall,2,slip,1,1921,15.0,D:\00-FLagship Project\SFU-IMU Dataset\IMU Dataset\sub4\Falls\AXJ_slip_trial1.xlsx
sub4,Fall,2,slip,4,1921,15.0,D:\00-FLagship Project\SFU-IMU Dataset\IMU Dataset\sub4\Falls\AXJ_slip_trial4.xlsx
sub4,Fall,2,slip,5,1921,15.0,D:\00-FLagship Project\SFU-IMU Dataset\IMU Dataset\sub4\Falls\AXJ_slip_trial5.xlsx
sub4,Fall,2,trip,1,1921,15.0,D:\00-FLagship Project\SFU-IMU Dataset\IMU Dataset\sub4\Falls\AXJ_trip_trial1.xlsx
sub4,Fall,2,trip,3,1921,15.0,D:\00-FLagship Project\SFU-IMU Dataset\IMU Dataset\sub4\Falls\AXJ_trip_trial3.xlsx
sub4,Fall,2,trip,4,1921,15.0,D:\00-FLagship Project\SFU-IMU Dataset\IMU Dataset\sub4\Falls\AXJ_trip_trial4.xlsx
sub4,Near_Fall,1,CS,3,1922,15.00781,D:\00-FLagship Project\SFU-IMU Dataset\IMU Dataset\sub4\Near_Falls\AXJ_CS_trial3.xlsx
sub4,Near_Fall,1,CS,5,1922,15.00781,D:\00-FLagship Project\SFU-IMU Dataset\IMU Dataset\sub4\Near_Falls\AXJ_CS_trial5.xlsx
sub4,Near_Fall,1,CS,6,1921,15.0,D:\00-FLagship Project\SFU-IMU Dataset\IMU Dataset\sub4\Near_Falls\AXJ_CS_trial6.xlsx
sub4,Near_Fall,1,HB,1,1921,15.0,D:\00-FLagship Project\SFU-IMU Dataset\IMU Dataset\sub4\Near_Falls\AXJ_HB_trial1.xlsx
sub4,Near_Fall,1,HB,5,1921,15.0,D:\00-FLagship Project\SFU-IMU Dataset\IMU Dataset\sub4\Near_Falls\AXJ_HB_trial5.xlsx
sub4,Near_Fall,1,HB,6,1921,15.0,D:\00-FLagship Project\SFU-IMU Dataset\IMU Dataset\sub4\Near_Falls\AXJ_HB_trial6.xlsx
sub4,Near_Fall,1,ITRS,3,1921,15.0,D:\00-FLagship Project\SFU-IMU Dataset\IMU Dataset\sub4\Near_Falls\AXJ_ITRS_trial3.xlsx
sub4,Near_Fall,1,ITRS,4,1921,15.0,D:\00-FLagship Project\SFU-IMU Dataset\IMU Dataset\sub4\Near_Falls\AXJ_ITRS_trial4.xlsx
sub4,Near_Fall,1,ITRS,6,1921,15.0,D:\00-FLagship Project\SFU-IMU Dataset\IMU Dataset\sub4\Near_Falls\AXJ_ITRS_trial6.xlsx
sub4,Near_Fall,1,slip,2,1921,15.0,D:\00-FLagship Project\SFU-IMU Dataset\IMU Dataset\sub4\Near_Falls\AXJ_slip_trial2.xlsx
sub4,Near_Fall,1,slip,3,1921,15.0,D:\00-FLagship Project\SFU-IMU Dataset\IMU Dataset\sub4\Near_Falls\AXJ_slip_trial3.xlsx
sub4,Near_Fall,1,slip,6,1921,15.0,D:\00-FLagship Project\SFU-IMU Dataset\IMU Dataset\sub4\Near_Falls\AXJ_slip_trial6.xlsx
sub4,Near_Fall,1,trip,2,1921,15.0,D:\00-FLagship Project\SFU-IMU Dataset\IMU Dataset\sub4\Near_Falls\AXJ_trip_trial2.xlsx
sub4,Near_Fall,1,trip,5,1921,15.0,D:\00-FLagship Project\SFU-IMU Dataset\IMU Dataset\sub4\Near_Falls\AXJ_trip_trial5.xlsx
sub4,Near_Fall,1,trip,6,1921,15.0,D:\00-FLagship Project\SFU-IMU Dataset\IMU Dataset\sub4\Near_Falls\AXJ_trip_trial6.xlsx
sub5,ADL,0,AS,1,2561,20.0,D:\00-FLagship Project\SFU-IMU Dataset\IMU Dataset\sub5\ADLs\AXJ_AS_trial1.xlsx
sub5,ADL,0,AS,2,2561,20.0,D:\00-FLagship Project\SFU-IMU Dataset\IMU Dataset\sub5\ADLs\AXJ_AS_trial2.xlsx
sub5,ADL,0,AS,3,2561,20.0,D:\00-FLagship Project\SFU-IMU Dataset\IMU Dataset\sub5\ADLs\AXJ_AS_trial3.xlsx
sub5,ADL,0,DS,1,2561,20.0,D:\00-FLagship Project\SFU-IMU Dataset\IMU Dataset\sub5\ADLs\AXJ_DS_trial1.xlsx
sub5,ADL,0,DS,2,2561,20.0,D:\00-FLagship Project\SFU-IMU Dataset\IMU Dataset\sub5\ADLs\AXJ_DS_trial2.xlsx
sub5,ADL,0,DS,3,2561,20.0,D:\00-FLagship Project\SFU-IMU Dataset\IMU Dataset\sub5\ADLs\AXJ_DS_trial3.xlsx
sub5,ADL,0,DSL,1,1921,15.0,D:\00-FLagship Project\SFU-IMU Dataset\IMU Dataset\sub5\ADLs\AXJ_DSL_trial1.xlsx
sub5,ADL,0,DSL,2,1921,15.0,D:\00-FLagship Project\SFU-IMU Dataset\IMU Dataset\sub5\ADLs\AXJ_DSL_trial2.xlsx
sub5,ADL,0,DSL,3,1921,15.0,D:\00-FLagship Project\SFU-IMU Dataset\IMU Dataset\sub5\ADLs\AXJ_DSL_trial3.xlsx
sub5,ADL,0,DSS,1,1921,15.0,D:\00-FLagship Project\SFU-IMU Dataset\IMU Dataset\sub5\ADLs\AXJ_DSS_trial1.xlsx
sub5,ADL,0,DSS,2,1921,15.0,D:\00-FLagship Project\SFU-IMU Dataset\IMU Dataset\sub5\ADLs\AXJ_DSS_trial2.xlsx
sub5,ADL,0,DSS,3,1921,15.0,D:\00-FLagship Project\SFU-IMU Dataset\IMU Dataset\sub5\ADLs\AXJ_DSS_trial3.xlsx
sub5,ADL,0,NW,1,1921,15.0,D:\00-FLagship Project\SFU-IMU Dataset\IMU Dataset\sub5\ADLs\AXJ_NW_trial1.xlsx
sub5,ADL,0,NW,2,1921,15.0,D:\00-FLagship Project\SFU-IMU Dataset\IMU Dataset\sub5\ADLs\AXJ_NW_trial2.xlsx
sub5,ADL,0,NW,3,1921,15.0,D:\00-FLagship Project\SFU-IMU Dataset\IMU Dataset\sub5\ADLs\AXJ_NW_trial3.xlsx
sub5,ADL,0,POG,1,1921,15.0,D:\00-FLagship Project\SFU-IMU Dataset\IMU Dataset\sub5\ADLs\AXJ_POG_trial1.xlsx
sub5,ADL,0,POG,2,1922,15.00781,D:\00-FLagship Project\SFU-IMU Dataset\IMU Dataset\sub5\ADLs\AXJ_POG_trial2.xlsx
sub5,ADL,0,POG,3,1921,15.0,D:\00-FLagship Project\SFU-IMU Dataset\IMU Dataset\sub5\ADLs\AXJ_POG_trial3.xlsx
sub5,ADL,0,RSS,1,1921,15.0,D:\00-FLagship Project\SFU-IMU Dataset\IMU Dataset\sub5\ADLs\AXJ_RSS_trial1.xlsx
sub5,ADL,0,RSS,2,1921,15.0,D:\00-FLagship Project\SFU-IMU Dataset\IMU Dataset\sub5\ADLs\AXJ_RSS_trial2.xlsx
sub5,ADL,0,RSS,3,1921,15.0,D:\00-FLagship Project\SFU-IMU Dataset\IMU Dataset\sub5\ADLs\AXJ_RSS_trial3.xlsx
sub5,ADL,0,SQ,1,1921,15.0,D:\00-FLagship Project\SFU-IMU Dataset\IMU Dataset\sub5\ADLs\AXJ_SQ_trial1.xlsx
sub5,ADL,0,SQ,2,1921,15.0,D:\00-FLagship Project\SFU-IMU Dataset\IMU Dataset\sub5\ADLs\AXJ_SQ_trial2.xlsx
sub5,ADL,0,SQ,3,1921,15.0,D:\00-FLagship Project\SFU-IMU Dataset\IMU Dataset\sub5\ADLs\AXJ_SQ_trial3.xlsx
sub5,Fall,2,HB,2,1921,15.0,D:\00-FLagship Project\SFU-IMU Dataset\IMU Dataset\sub5\Falls\AXJ_HB_trial2.xlsx
sub5,Fall,2,HB,3,1921,15.0,D:\00-FLagship Project\SFU-IMU Dataset\IMU Dataset\sub5\Falls\AXJ_HB_trial3.xlsx
sub5,Fall,2,HB,6,1921,15.0,D:\00-FLagship Project\SFU-IMU Dataset\IMU Dataset\sub5\Falls\AXJ_HB_trial6.xlsx
sub5,Fall,2,ITDS,1,1921,15.0,D:\00-FLagship Project\SFU-IMU Dataset\IMU Dataset\sub5\Falls\AXJ_ITDS_trial1.xlsx
sub5,Fall,2,ITDS,2,1921,15.0,D:\00-FLagship Project\SFU-IMU Dataset\IMU Dataset\sub5\Falls\AXJ_ITDS_trial2.xlsx
sub5,Fall,2,ITDS,3,1921,15.0,D:\00-FLagship Project\SFU-IMU Dataset\IMU Dataset\sub5\Falls\AXJ_ITDS_trial3.xlsx
sub5,Fall,2,ITRS,1,1921,15.0,D:\00-FLagship Project\SFU-IMU Dataset\IMU Dataset\sub5\Falls\AXJ_ITRS_trial1.xlsx
sub5,Fall,2,ITRS,2,1921,15.0,D:\00-FLagship Project\SFU-IMU Dataset\IMU Dataset\sub5\Falls\AXJ_ITRS_trial2.xlsx
sub5,Fall,2,ITRS,4,1921,15.0,D:\00-FLagship Project\SFU-IMU Dataset\IMU Dataset\sub5\Falls\AXJ_ITRS_trial4.xlsx
sub5,Fall,2,LCC,1,1921,15.0,D:\00-FLagship Project\SFU-IMU Dataset\IMU Dataset\sub5\Falls\AXJ_LCC_trial1.xlsx
sub5,Fall,2,LCC,2,1921,15.0,D:\00-FLagship Project\SFU-IMU Dataset\IMU Dataset\sub5\Falls\AXJ_LCC_trial2.xlsx
sub5,Fall,2,LCC,3,1922,15.00781,D:\00-FLagship Project\SFU-IMU Dataset\IMU Dataset\sub5\Falls\AXJ_LCC_trial3.xlsx
sub5,Fall,2,trip,1,1921,15.0,D:\00-FLagship Project\SFU-IMU Dataset\IMU Dataset\sub5\Falls\AXJ_trip_trial1.xlsx
sub5,Fall,2,trip,3,1921,15.0,D:\00-FLagship Project\SFU-IMU Dataset\IMU Dataset\sub5\Falls\AXJ_trip_trial3.xlsx
sub5,Fall,2,trip,4,1921,15.0,D:\00-FLagship Project\SFU-IMU Dataset\IMU Dataset\sub5\Falls\AXJ_trip_trial4.xlsx
sub5,Fall,2,CS,1,1922,15.007819999999999,D:\00-FLagship Project\SFU-IMU Dataset\IMU Dataset\sub5\Falls\EXA_CS_trial1.xlsx
sub5,Fall,2,CS,2,1921,15.0,D:\00-FLagship Project\SFU-IMU Dataset\IMU Dataset\sub5\Falls\EXA_CS_trial2.xlsx
sub5,Fall,2,CS,4,1921,15.0,D:\00-FLagship Project\SFU-IMU Dataset\IMU Dataset\sub5\Falls\EXA_CS_trial4.xlsx
sub5,Fall,2,slip,1,1921,15.0,D:\00-FLagship Project\SFU-IMU Dataset\IMU Dataset\sub5\Falls\EXA_slip_trial1.xlsx
sub5,Fall,2,slip,2,1921,15.0,D:\00-FLagship Project\SFU-IMU Dataset\IMU Dataset\sub5\Falls\EXA_slip_trial2.xlsx
sub5,Fall,2,slip,6,1921,15.0,D:\00-FLagship Project\SFU-IMU Dataset\IMU Dataset\sub5\Falls\EXA_slip_trial6.xlsx
sub5,Near_Fall,1,HB,1,1921,15.0,D:\00-FLagship Project\SFU-IMU Dataset\IMU Dataset\sub5\Near_Falls\AXJ_HB_trial1.xlsx
sub5,Near_Fall,1,HB,4,1921,15.0,D:\00-FLagship Project\SFU-IMU Dataset\IMU Dataset\sub5\Near_Falls\AXJ_HB_trial4.xlsx
sub5,Near_Fall,1,HB,5,1921,15.0,D:\00-FLagship Project\SFU-IMU Dataset\IMU Dataset\sub5\Near_Falls\AXJ_HB_trial5.xlsx
sub5,Near_Fall,1,ITRS,3,1921,15.0,D:\00-FLagship Project\SFU-IMU Dataset\IMU Dataset\sub5\Near_Falls\AXJ_ITRS_trial3.xlsx
sub5,Near_Fall,1,ITRS,5,1921,15.0,D:\00-FLagship Project\SFU-IMU Dataset\IMU Dataset\sub5\Near_Falls\AXJ_ITRS_trial5.xlsx
sub5,Near_Fall,1,ITRS,6,1921,15.0,D:\00-FLagship Project\SFU-IMU Dataset\IMU Dataset\sub5\Near_Falls\AXJ_ITRS_trial6.xlsx
sub5,Near_Fall,1,trip,2,1921,15.0,D:\00-FLagship Project\SFU-IMU Dataset\IMU Dataset\sub5\Near_Falls\AXJ_trip_trial2.xlsx
sub5,Near_Fall,1,trip,5,1921,15.0,D:\00-FLagship Project\SFU-IMU Dataset\IMU Dataset\sub5\Near_Falls\AXJ_trip_trial5.xlsx
sub5,Near_Fall,1,trip,6,1921,15.0,D:\00-FLagship Project\SFU-IMU Dataset\IMU Dataset\sub5\Near_Falls\AXJ_trip_trial6.xlsx
sub5,Near_Fall,1,CS,3,1921,15.0,D:\00-FLagship Project\SFU-IMU Dataset\IMU Dataset\sub5\Near_Falls\EXA_CS_trial3.xlsx
sub5,Near_Fall,1,CS,5,1921,15.0,D:\00-FLagship Project\SFU-IMU Dataset\IMU Dataset\sub5\Near_Falls\EXA_CS_trial5.xlsx
sub5,Near_Fall,1,CS,6,1921,15.0,D:\00-FLagship Project\SFU-IMU Dataset\IMU Dataset\sub5\Near_Falls\EXA_CS_trial6.xlsx
sub5,Near_Fall,1,slip,3,1921,15.0,D:\00-FLagship Project\SFU-IMU Dataset\IMU Dataset\sub5\Near_Falls\EXA_slip_trial3.xlsx
sub5,Near_Fall,1,slip,4,1921,15.0,D:\00-FLagship Project\SFU-IMU Dataset\IMU Dataset\sub5\Near_Falls\EXA_slip_trial4.xlsx
sub5,Near_Fall,1,slip,5,1921,15.0,D:\00-FLagship Project\SFU-IMU Dataset\IMU Dataset\sub5\Near_Falls\EXA_slip_trial5.xlsx
sub6,ADL,0,AS,1,2561,20.0,D:\00-FLagship Project\SFU-IMU Dataset\IMU Dataset\sub6\ADLs\AXM_AS_trial1.xlsx
sub6,ADL,0,AS,2,2561,20.0,D:\00-FLagship Project\SFU-IMU Dataset\IMU Dataset\sub6\ADLs\AXM_AS_trial2.xlsx
sub6,ADL,0,AS,3,2561,20.0,D:\00-FLagship Project\SFU-IMU Dataset\IMU Dataset\sub6\ADLs\AXM_AS_trial3.xlsx
sub6,ADL,0,DS,1,2561,20.0,D:\00-FLagship Project\SFU-IMU Dataset\IMU Dataset\sub6\ADLs\AXM_DS_trial1.xlsx
sub6,ADL,0,DS,2,2561,20.0,D:\00-FLagship Project\SFU-IMU Dataset\IMU Dataset\sub6\ADLs\AXM_DS_trial2.xlsx
sub6,ADL,0,DS,3,2561,20.0,D:\00-FLagship Project\SFU-IMU Dataset\IMU Dataset\sub6\ADLs\AXM_DS_trial3.xlsx
sub6,ADL,0,DSL,1,1921,15.0,D:\00-FLagship Project\SFU-IMU Dataset\IMU Dataset\sub6\ADLs\AXM_DSL_trial1.xlsx
sub6,ADL,0,DSL,2,1921,15.0,D:\00-FLagship Project\SFU-IMU Dataset\IMU Dataset\sub6\ADLs\AXM_DSL_trial2.xlsx
sub6,ADL,0,DSL,3,1921,15.0,D:\00-FLagship Project\SFU-IMU Dataset\IMU Dataset\sub6\ADLs\AXM_DSL_trial3.xlsx
sub6,ADL,0,DSS,1,1921,15.0,D:\00-FLagship Project\SFU-IMU Dataset\IMU Dataset\sub6\ADLs\AXM_DSS_trial1.xlsx
sub6,ADL,0,DSS,2,1921,15.0,D:\00-FLagship Project\SFU-IMU Dataset\IMU Dataset\sub6\ADLs\AXM_DSS_trial2.xlsx
sub6,ADL,0,DSS,3,1921,15.0,D:\00-FLagship Project\SFU-IMU Dataset\IMU Dataset\sub6\ADLs\AXM_DSS_trial3.xlsx
sub6,ADL,0,NW,1,1921,15.0,D:\00-FLagship Project\SFU-IMU Dataset\IMU Dataset\sub6\ADLs\AXM_NW_trial1.xlsx
sub6,ADL,0,NW,2,1921,15.0,D:\00-FLagship Project\SFU-IMU Dataset\IMU Dataset\sub6\ADLs\AXM_NW_trial2.xlsx
sub6,ADL,0,NW,3,1921,15.0,D:\00-FLagship Project\SFU-IMU Dataset\IMU Dataset\sub6\ADLs\AXM_NW_trial3.xlsx
sub6,ADL,0,POG,1,1921,15.0,D:\00-FLagship Project\SFU-IMU Dataset\IMU Dataset\sub6\ADLs\AXM_POG_trial1.xlsx
sub6,ADL,0,POG,2,1921,15.0,D:\00-FLagship Project\SFU-IMU Dataset\IMU Dataset\sub6\ADLs\AXM_POG_trial2.xlsx
sub6,ADL,0,POG,3,1921,15.0,D:\00-FLagship Project\SFU-IMU Dataset\IMU Dataset\sub6\ADLs\AXM_POG_trial3.xlsx
sub6,ADL,0,RSS,1,1921,15.0,D:\00-FLagship Project\SFU-IMU Dataset\IMU Dataset\sub6\ADLs\AXM_RSS_trial1.xlsx
sub6,ADL,0,RSS,2,1921,15.0,D:\00-FLagship Project\SFU-IMU Dataset\IMU Dataset\sub6\ADLs\AXM_RSS_trial2.xlsx
sub6,ADL,0,RSS,3,1921,15.0,D:\00-FLagship Project\SFU-IMU Dataset\IMU Dataset\sub6\ADLs\AXM_RSS_trial3.xlsx
sub6,ADL,0,SQ,1,1921,15.0,D:\00-FLagship Project\SFU-IMU Dataset\IMU Dataset\sub6\ADLs\AXM_SQ_trial1.xlsx
sub6,ADL,0,SQ,2,1921,15.0,D:\00-FLagship Project\SFU-IMU Dataset\IMU Dataset\sub6\ADLs\AXM_SQ_trial2.xlsx
sub6,ADL,0,SQ,3,1921,15.0,D:\00-FLagship Project\SFU-IMU Dataset\IMU Dataset\sub6\ADLs\AXM_SQ_trial3.xlsx
sub6,Fall,2,CS,1,1921,15.0,D:\00-FLagship Project\SFU-IMU Dataset\IMU Dataset\sub6\Falls\AXM_CS_trial1.xlsx
sub6,Fall,2,CS,2,1921,15.0,D:\00-FLagship Project\SFU-IMU Dataset\IMU Dataset\sub6\Falls\AXM_CS_trial2.xlsx
sub6,Fall,2,CS,4,1921,15.0,D:\00-FLagship Project\SFU-IMU Dataset\IMU Dataset\sub6\Falls\AXM_CS_trial4.xlsx
sub6,Fall,2,HB,1,1921,15.0,D:\00-FLagship Project\SFU-IMU Dataset\IMU Dataset\sub6\Falls\AXM_HB_trial1.xlsx
sub6,Fall,2,HB,4,1921,15.0,D:\00-FLagship Project\SFU-IMU Dataset\IMU Dataset\sub6\Falls\AXM_HB_trial4.xlsx
sub6,Fall,2,HB,5,1921,15.0,D:\00-FLagship Project\SFU-IMU Dataset\IMU Dataset\sub6\Falls\AXM_HB_trial5.xlsx
sub6,Fall,2,ITDS,1,1921,15.0,D:\00-FLagship Project\SFU-IMU Dataset\IMU Dataset\sub6\Falls\AXM_ITDS_trial1.xlsx
sub6,Fall,2,ITDS,2,1921,15.0,D:\00-FLagship Project\SFU-IMU Dataset\IMU Dataset\sub6\Falls\AXM_ITDS_trial2.xlsx
sub6,Fall,2,ITDS,3,1921,15.0,D:\00-FLagship Project\SFU-IMU Dataset\IMU Dataset\sub6\Falls\AXM_ITDS_trial3.xlsx
sub6,Fall,2,ITRS,1,1921,15.0,D:\00-FLagship Project\SFU-IMU Dataset\IMU Dataset\sub6\Falls\AXM_ITRS_trial1.xlsx
sub6,Fall,2,ITRS,3,1921,15.0,D:\00-FLagship Project\SFU-IMU Dataset\IMU Dataset\sub6\Falls\AXM_ITRS_trial3.xlsx
sub6,Fall,2,ITRS,4,1921,15.0,D:\00-FLagship Project\SFU-IMU Dataset\IMU Dataset\sub6\Falls\AXM_ITRS_trial4.xlsx
sub6,Fall,2,LCC,1,1920,15.0,D:\00-FLagship Project\SFU-IMU Dataset\IMU Dataset\sub6\Falls\AXM_LCC_trial1.xlsx
sub6,Fall,2,LCC,2,1921,15.0,D:\00-FLagship Project\SFU-IMU Dataset\IMU Dataset\sub6\Falls\AXM_LCC_trial2.xlsx
sub6,Fall,2,LCC,3,1921,15.0,D:\00-FLagship Project\SFU-IMU Dataset\IMU Dataset\sub6\Falls\AXM_LCC_trial3.xlsx
sub6,Fall,2,slip,1,1921,15.0,D:\00-FLagship Project\SFU-IMU Dataset\IMU Dataset\sub6\Falls\AXM_slip_trial1.xlsx
sub6,Fall,2,slip,2,1921,15.0,D:\00-FLagship Project\SFU-IMU Dataset\IMU Dataset\sub6\Falls\AXM_slip_trial2.xlsx
sub6,Fall,2,slip,6,1921,15.0,D:\00-FLagship Project\SFU-IMU Dataset\IMU Dataset\sub6\Falls\AXM_slip_trial6.xlsx
sub6,Fall,2,trip,2,1921,15.0,D:\00-FLagship Project\SFU-IMU Dataset\IMU Dataset\sub6\Falls\AXM_trip_trial2.xlsx
sub6,Fall,2,trip,3,1921,15.0,D:\00-FLagship Project\SFU-IMU Dataset\IMU Dataset\sub6\Falls\AXM_trip_trial3.xlsx
sub6,Fall,2,trip,4,1921,15.0,D:\00-FLagship Project\SFU-IMU Dataset\IMU Dataset\sub6\Falls\AXM_trip_trial4.xlsx
sub6,Near_Fall,1,CS,3,1921,15.0,D:\00-FLagship Project\SFU-IMU Dataset\IMU Dataset\sub6\Near_Falls\AXM_CS_trial3.xlsx
sub6,Near_Fall,1,CS,5,1921,15.0,D:\00-FLagship Project\SFU-IMU Dataset\IMU Dataset\sub6\Near_Falls\AXM_CS_trial5.xlsx
sub6,Near_Fall,1,CS,6,1921,15.0,D:\00-FLagship Project\SFU-IMU Dataset\IMU Dataset\sub6\Near_Falls\AXM_CS_trial6.xlsx
sub6,Near_Fall,1,HB,2,1921,15.0,D:\00-FLagship Project\SFU-IMU Dataset\IMU Dataset\sub6\Near_Falls\AXM_HB_trial2.xlsx
sub6,Near_Fall,1,HB,3,1921,15.0,D:\00-FLagship Project\SFU-IMU Dataset\IMU Dataset\sub6\Near_Falls\AXM_HB_trial3.xlsx
sub6,Near_Fall,1,HB,6,1921,15.0,D:\00-FLagship Project\SFU-IMU Dataset\IMU Dataset\sub6\Near_Falls\AXM_HB_trial6.xlsx
sub6,Near_Fall,1,ITRS,2,1921,15.0,D:\00-FLagship Project\SFU-IMU Dataset\IMU Dataset\sub6\Near_Falls\AXM_ITRS_trial2.xlsx
sub6,Near_Fall,1,ITRS,5,1921,15.0,D:\00-FLagship Project\SFU-IMU Dataset\IMU Dataset\sub6\Near_Falls\AXM_ITRS_trial5.xlsx
sub6,Near_Fall,1,ITRS,6,1921,15.0,D:\00-FLagship Project\SFU-IMU Dataset\IMU Dataset\sub6\Near_Falls\AXM_ITRS_trial6.xlsx
sub6,Near_Fall,1,slip,3,1921,15.0,D:\00-FLagship Project\SFU-IMU Dataset\IMU Dataset\sub6\Near_Falls\AXM_slip_trial3.xlsx
sub6,Near_Fall,1,slip,4,1921,15.0,D:\00-FLagship Project\SFU-IMU Dataset\IMU Dataset\sub6\Near_Falls\AXM_slip_trial4.xlsx
sub6,Near_Fall,1,slip,5,1921,15.0,D:\00-FLagship Project\SFU-IMU Dataset\IMU Dataset\sub6\Near_Falls\AXM_slip_trial5.xlsx
sub6,Near_Fall,1,trip,1,1921,15.0,D:\00-FLagship Project\SFU-IMU Dataset\IMU Dataset\sub6\Near_Falls\AXM_trip_trial1.xlsx
sub6,Near_Fall,1,trip,5,1921,15.0,D:\00-FLagship Project\SFU-IMU Dataset\IMU Dataset\sub6\Near_Falls\AXM_trip_trial5.xlsx
sub6,Near_Fall,1,trip,6,1921,15.0,D:\00-FLagship Project\SFU-IMU Dataset\IMU Dataset\sub6\Near_Falls\AXM_trip_trial6.xlsx
sub7,ADL,0,AS,1,2561,20.0,D:\00-FLagship Project\SFU-IMU Dataset\IMU Dataset\sub7\ADLs\HXE_AS_trial1.xlsx
sub7,ADL,0,AS,2,2561,20.0,D:\00-FLagship Project\SFU-IMU Dataset\IMU Dataset\sub7\ADLs\HXE_AS_trial2.xlsx
sub7,ADL,0,AS,3,2561,20.0,D:\00-FLagship Project\SFU-IMU Dataset\IMU Dataset\sub7\ADLs\HXE_AS_trial3.xlsx
sub7,ADL,0,DS,1,2561,20.0,D:\00-FLagship Project\SFU-IMU Dataset\IMU Dataset\sub7\ADLs\HXE_DS_trial1.xlsx
sub7,ADL,0,DS,2,2561,20.0,D:\00-FLagship Project\SFU-IMU Dataset\IMU Dataset\sub7\ADLs\HXE_DS_trial2.xlsx
sub7,ADL,0,DS,3,2561,20.0,D:\00-FLagship Project\SFU-IMU Dataset\IMU Dataset\sub7\ADLs\HXE_DS_trial3.xlsx
sub7,ADL,0,DSL,1,1921,15.0,D:\00-FLagship Project\SFU-IMU Dataset\IMU Dataset\sub7\ADLs\HXE_DSL_trial1.xlsx
sub7,ADL,0,DSL,2,1921,15.0,D:\00-FLagship Project\SFU-IMU Dataset\IMU Dataset\sub7\ADLs\HXE_DSL_trial2.xlsx
sub7,ADL,0,DSL,3,1921,15.0,D:\00-FLagship Project\SFU-IMU Dataset\IMU Dataset\sub7\ADLs\HXE_DSL_trial3.xlsx
sub7,ADL,0,DSS,1,1921,15.0,D:\00-FLagship Project\SFU-IMU Dataset\IMU Dataset\sub7\ADLs\HXE_DSS_trial1.xlsx
sub7,ADL,0,DSS,2,1921,15.0,D:\00-FLagship Project\SFU-IMU Dataset\IMU Dataset\sub7\ADLs\HXE_DSS_trial2.xlsx
sub7,ADL,0,DSS,3,1921,15.0,D:\00-FLagship Project\SFU-IMU Dataset\IMU Dataset\sub7\ADLs\HXE_DSS_trial3.xlsx
sub7,ADL,0,NW,1,1922,15.00781,D:\00-FLagship Project\SFU-IMU Dataset\IMU Dataset\sub7\ADLs\HXE_NW_trial1.xlsx
sub7,ADL,0,NW,2,1921,15.0,D:\00-FLagship Project\SFU-IMU Dataset\IMU Dataset\sub7\ADLs\HXE_NW_trial2.xlsx
sub7,ADL,0,NW,3,1921,15.0,D:\00-FLagship Project\SFU-IMU Dataset\IMU Dataset\sub7\ADLs\HXE_NW_trial3.xlsx
sub7,ADL,0,POG,1,1921,15.0,D:\00-FLagship Project\SFU-IMU Dataset\IMU Dataset\sub7\ADLs\HXE_POG_trial1.xlsx
sub7,ADL,0,POG,2,1921,15.0,D:\00-FLagship Project\SFU-IMU Dataset\IMU Dataset\sub7\ADLs\HXE_POG_trial2.xlsx
sub7,ADL,0,POG,3,1921,15.0,D:\00-FLagship Project\SFU-IMU Dataset\IMU Dataset\sub7\ADLs\HXE_POG_trial3.xlsx
sub7,ADL,0,RSS,1,1921,15.0,D:\00-FLagship Project\SFU-IMU Dataset\IMU Dataset\sub7\ADLs\HXE_RSS_trial1.xlsx
sub7,ADL,0,RSS,2,1921,15.0,D:\00-FLagship Project\SFU-IMU Dataset\IMU Dataset\sub7\ADLs\HXE_RSS_trial2.xlsx
sub7,ADL,0,RSS,3,1921,15.0,D:\00-FLagship Project\SFU-IMU Dataset\IMU Dataset\sub7\ADLs\HXE_RSS_trial3.xlsx
sub7,ADL,0,SQ,1,1921,15.0,D:\00-FLagship Project\SFU-IMU Dataset\IMU Dataset\sub7\ADLs\HXE_SQ_trial1.xlsx
sub7,ADL,0,SQ,2,1921,15.0,D:\00-FLagship Project\SFU-IMU Dataset\IMU Dataset\sub7\ADLs\HXE_SQ_trial2.xlsx
sub7,ADL,0,SQ,3,1921,15.0,D:\00-FLagship Project\SFU-IMU Dataset\IMU Dataset\sub7\ADLs\HXE_SQ_trial3.xlsx
sub7,Fall,2,CS,3,1921,15.0,D:\00-FLagship Project\SFU-IMU Dataset\IMU Dataset\sub7\Falls\HXE_CS_trial3.xlsx
sub7,Fall,2,CS,4,1911,15.0,D:\00-FLagship Project\SFU-IMU Dataset\IMU Dataset\sub7\Falls\HXE_CS_trial4.xlsx
sub7,Fall,2,CS,5,1921,15.0,D:\00-FLagship Project\SFU-IMU Dataset\IMU Dataset\sub7\Falls\HXE_CS_trial5.xlsx
sub7,Fall,2,HB,1,1921,15.0,D:\00-FLagship Project\SFU-IMU Dataset\IMU Dataset\sub7\Falls\HXE_HB_trial1.xlsx
sub7,Fall,2,HB,3,1922,15.007819999999999,D:\00-FLagship Project\SFU-IMU Dataset\IMU Dataset\sub7\Falls\HXE_HB_trial3.xlsx
sub7,Fall,2,HB,4,1921,15.0,D:\00-FLagship Project\SFU-IMU Dataset\IMU Dataset\sub7\Falls\HXE_HB_trial4.xlsx
sub7,Fall,2,ITDS,1,1921,15.0,D:\00-FLagship Project\SFU-IMU Dataset\IMU Dataset\sub7\Falls\HXE_ITDS_trial1.xlsx
sub7,Fall,2,ITDS,2,1921,15.0,D:\00-FLagship Project\SFU-IMU Dataset\IMU Dataset\sub7\Falls\HXE_ITDS_trial2.xlsx
sub7,Fall,2,ITDS,3,1921,15.0,D:\00-FLagship Project\SFU-IMU Dataset\IMU Dataset\sub7\Falls\HXE_ITDS_trial3.xlsx
sub7,Fall,2,ITRS,1,1921,15.0,D:\00-FLagship Project\SFU-IMU Dataset\IMU Dataset\sub7\Falls\HXE_ITRS_trial1.xlsx
sub7,Fall,2,ITRS,2,1921,15.0,D:\00-FLagship Project\SFU-IMU Dataset\IMU Dataset\sub7\Falls\HXE_ITRS_trial2.xlsx
sub7,Fall,2,ITRS,4,1921,15.0,D:\00-FLagship Project\SFU-IMU Dataset\IMU Dataset\sub7\Falls\HXE_ITRS_trial4.xlsx
sub7,Fall,2,LCC,1,1921,15.0,D:\00-FLagship Project\SFU-IMU Dataset\IMU Dataset\sub7\Falls\HXE_LCC_trial1.xlsx
sub7,Fall,2,LCC,2,1921,15.0,D:\00-FLagship Project\SFU-IMU Dataset\IMU Dataset\sub7\Falls\HXE_LCC_trial2.xlsx
sub7,Fall,2,LCC,3,1921,15.0,D:\00-FLagship Project\SFU-IMU Dataset\IMU Dataset\sub7\Falls\HXE_LCC_trial3.xlsx
sub7,Fall,2,slip,1,1921,15.0,D:\00-FLagship Project\SFU-IMU Dataset\IMU Dataset\sub7\Falls\HXE_slip_trial1.xlsx
sub7,Fall,2,slip,2,1921,15.0,D:\00-FLagship Project\SFU-IMU Dataset\IMU Dataset\sub7\Falls\HXE_slip_trial2.xlsx
sub7,Fall,2,slip,3,1921,15.0,D:\00-FLagship Project\SFU-IMU Dataset\IMU Dataset\sub7\Falls\HXE_slip_trial3.xlsx
sub7,Fall,2,trip,1,1921,15.0,D:\00-FLagship Project\SFU-IMU Dataset\IMU Dataset\sub7\Falls\HXE_trip_trial1.xlsx
sub7,Fall,2,trip,3,1921,15.0,D:\00-FLagship Project\SFU-IMU Dataset\IMU Dataset\sub7\Falls\HXE_trip_trial3.xlsx
sub7,Fall,2,trip,4,1921,15.0,D:\00-FLagship Project\SFU-IMU Dataset\IMU Dataset\sub7\Falls\HXE_trip_trial4.xlsx
sub7,Near_Fall,1,CS,1,1922,15.00781,D:\00-FLagship Project\SFU-IMU Dataset\IMU Dataset\sub7\Near_Falls\HXE_CS_trial1.xlsx
sub7,Near_Fall,1,CS,2,1921,15.0,D:\00-FLagship Project\SFU-IMU Dataset\IMU Dataset\sub7\Near_Falls\HXE_CS_trial2.xlsx
sub7,Near_Fall,1,CS,6,1921,15.0,D:\00-FLagship Project\SFU-IMU Dataset\IMU Dataset\sub7\Near_Falls\HXE_CS_trial6.xlsx
sub7,Near_Fall,1,HB,2,1921,15.0,D:\00-FLagship Project\SFU-IMU Dataset\IMU Dataset\sub7\Near_Falls\HXE_HB_trial2.xlsx
sub7,Near_Fall,1,HB,5,1921,15.0,D:\00-FLagship Project\SFU-IMU Dataset\IMU Dataset\sub7\Near_Falls\HXE_HB_trial5.xlsx
sub7,Near_Fall,1,HB,6,1921,15.0,D:\00-FLagship Project\SFU-IMU Dataset\IMU Dataset\sub7\Near_Falls\HXE_HB_trial6.xlsx
sub7,Near_Fall,1,ITRS,3,1921,15.0,D:\00-FLagship Project\SFU-IMU Dataset\IMU Dataset\sub7\Near_Falls\HXE_ITRS_trial3.xlsx
sub7,Near_Fall,1,ITRS,6,1921,15.0,D:\00-FLagship Project\SFU-IMU Dataset\IMU Dataset\sub7\Near_Falls\HXE_ITRS_trial6.xlsx
sub7,Near_Fall,1,ITRS,7,1921,15.0,D:\00-FLagship Project\SFU-IMU Dataset\IMU Dataset\sub7\Near_Falls\HXE_ITRS_trial7.xlsx
sub7,Near_Fall,1,slip,4,1921,15.0,D:\00-FLagship Project\SFU-IMU Dataset\IMU Dataset\sub7\Near_Falls\HXE_slip_trial4.xlsx
sub7,Near_Fall,1,slip,5,1922,15.00781,D:\00-FLagship Project\SFU-IMU Dataset\IMU Dataset\sub7\Near_Falls\HXE_slip_trial5.xlsx
sub7,Near_Fall,1,slip,6,1921,15.0,D:\00-FLagship Project\SFU-IMU Dataset\IMU Dataset\sub7\Near_Falls\HXE_slip_trial6.xlsx
sub7,Near_Fall,1,trip,2,1921,15.0,D:\00-FLagship Project\SFU-IMU Dataset\IMU Dataset\sub7\Near_Falls\HXE_trip_trial2.xlsx
sub7,Near_Fall,1,trip,5,1921,15.0,D:\00-FLagship Project\SFU-IMU Dataset\IMU Dataset\sub7\Near_Falls\HXE_trip_trial5.xlsx
sub7,Near_Fall,1,trip,6,1921,15.0,D:\00-FLagship Project\SFU-IMU Dataset\IMU Dataset\sub7\Near_Falls\HXE_trip_trial6.xlsx
sub8,ADL,0,AS,1,2561,20.0,D:\00-FLagship Project\SFU-IMU Dataset\IMU Dataset\sub8\ADLs\RXV_AS_trial1.xlsx
sub8,ADL,0,AS,2,2561,20.0,D:\00-FLagship Project\SFU-IMU Dataset\IMU Dataset\sub8\ADLs\RXV_AS_trial2.xlsx
sub8,ADL,0,AS,3,2562,20.00782,D:\00-FLagship Project\SFU-IMU Dataset\IMU Dataset\sub8\ADLs\RXV_AS_trial3.xlsx
sub8,ADL,0,DS,1,2561,20.0,D:\00-FLagship Project\SFU-IMU Dataset\IMU Dataset\sub8\ADLs\RXV_DS_trial1.xlsx
sub8,ADL,0,DS,2,2561,20.0,D:\00-FLagship Project\SFU-IMU Dataset\IMU Dataset\sub8\ADLs\RXV_DS_trial2.xlsx
sub8,ADL,0,DS,3,2561,20.0,D:\00-FLagship Project\SFU-IMU Dataset\IMU Dataset\sub8\ADLs\RXV_DS_trial3.xlsx
sub8,ADL,0,DSL,1,1921,15.0,D:\00-FLagship Project\SFU-IMU Dataset\IMU Dataset\sub8\ADLs\RXV_DSL_trial1.xlsx
sub8,ADL,0,DSL,2,1921,15.0,D:\00-FLagship Project\SFU-IMU Dataset\IMU Dataset\sub8\ADLs\RXV_DSL_trial2.xlsx
sub8,ADL,0,DSL,3,1921,15.0,D:\00-FLagship Project\SFU-IMU Dataset\IMU Dataset\sub8\ADLs\RXV_DSL_trial3.xlsx
sub8,ADL,0,DSS,1,1921,15.0,D:\00-FLagship Project\SFU-IMU Dataset\IMU Dataset\sub8\ADLs\RXV_DSS_trial1.xlsx
sub8,ADL,0,DSS,2,1921,15.0,D:\00-FLagship Project\SFU-IMU Dataset\IMU Dataset\sub8\ADLs\RXV_DSS_trial2.xlsx
sub8,ADL,0,DSS,3,1921,15.0,D:\00-FLagship Project\SFU-IMU Dataset\IMU Dataset\sub8\ADLs\RXV_DSS_trial3.xlsx
sub8,ADL,0,NW,1,1921,15.0,D:\00-FLagship Project\SFU-IMU Dataset\IMU Dataset\sub8\ADLs\RXV_NW_trial1.xlsx
sub8,ADL,0,NW,2,1921,15.0,D:\00-FLagship Project\SFU-IMU Dataset\IMU Dataset\sub8\ADLs\RXV_NW_trial2.xlsx
sub8,ADL,0,NW,3,1921,15.0,D:\00-FLagship Project\SFU-IMU Dataset\IMU Dataset\sub8\ADLs\RXV_NW_trial3.xlsx
sub8,ADL,0,POG,1,1921,15.0,D:\00-FLagship Project\SFU-IMU Dataset\IMU Dataset\sub8\ADLs\RXV_POG_trial1.xlsx
sub8,ADL,0,POG,2,1922,15.00781,D:\00-FLagship Project\SFU-IMU Dataset\IMU Dataset\sub8\ADLs\RXV_POG_trial2.xlsx
sub8,ADL,0,POG,3,1922,15.00781,D:\00-FLagship Project\SFU-IMU Dataset\IMU Dataset\sub8\ADLs\RXV_POG_trial3.xlsx
sub8,ADL,0,RSS,1,1921,15.0,D:\00-FLagship Project\SFU-IMU Dataset\IMU Dataset\sub8\ADLs\RXV_RSS_trial1.xlsx
sub8,ADL,0,RSS,2,1921,15.0,D:\00-FLagship Project\SFU-IMU Dataset\IMU Dataset\sub8\ADLs\RXV_RSS_trial2.xlsx
sub8,ADL,0,RSS,3,1921,15.0,D:\00-FLagship Project\SFU-IMU Dataset\IMU Dataset\sub8\ADLs\RXV_RSS_trial3.xlsx
sub8,ADL,0,SQ,1,1921,15.0,D:\00-FLagship Project\SFU-IMU Dataset\IMU Dataset\sub8\ADLs\RXV_SQ_trial1.xlsx
sub8,ADL,0,SQ,2,1921,15.0,D:\00-FLagship Project\SFU-IMU Dataset\IMU Dataset\sub8\ADLs\RXV_SQ_trial2.xlsx
sub8,ADL,0,SQ,3,1921,15.0,D:\00-FLagship Project\SFU-IMU Dataset\IMU Dataset\sub8\ADLs\RXV_SQ_trial3.xlsx
sub8,Fall,2,CS,1,1921,15.0,D:\00-FLagship Project\SFU-IMU Dataset\IMU Dataset\sub8\Falls\RXV_CS_trial1.xlsx
sub8,Fall,2,CS,4,1921,15.0,D:\00-FLagship Project\SFU-IMU Dataset\IMU Dataset\sub8\Falls\RXV_CS_trial4.xlsx
sub8,Fall,2,CS,6,1921,15.0,D:\00-FLagship Project\SFU-IMU Dataset\IMU Dataset\sub8\Falls\RXV_CS_trial6.xlsx
sub8,Fall,2,HB,2,1921,15.0,D:\00-FLagship Project\SFU-IMU Dataset\IMU Dataset\sub8\Falls\RXV_HB_trial2.xlsx
sub8,Fall,2,HB,3,1921,15.0,D:\00-FLagship Project\SFU-IMU Dataset\IMU Dataset\sub8\Falls\RXV_HB_trial3.xlsx
sub8,Fall,2,HB,5,1921,15.0,D:\00-FLagship Project\SFU-IMU Dataset\IMU Dataset\sub8\Falls\RXV_HB_trial5.xlsx
sub8,Fall,2,ITDS,1,1921,15.0,D:\00-FLagship Project\SFU-IMU Dataset\IMU Dataset\sub8\Falls\RXV_ITDS_trial1.xlsx
sub8,Fall,2,ITDS,2,1921,15.0,D:\00-FLagship Project\SFU-IMU Dataset\IMU Dataset\sub8\Falls\RXV_ITDS_trial2.xlsx
sub8,Fall,2,ITDS,3,1921,15.0,D:\00-FLagship Project\SFU-IMU Dataset\IMU Dataset\sub8\Falls\RXV_ITDS_trial3.xlsx
sub8,Fall,2,ITRS,1,1921,15.0,D:\00-FLagship Project\SFU-IMU Dataset\IMU Dataset\sub8\Falls\RXV_ITRS_trial1.xlsx
sub8,Fall,2,ITRS,3,1922,15.007819999999999,D:\00-FLagship Project\SFU-IMU Dataset\IMU Dataset\sub8\Falls\RXV_ITRS_trial3.xlsx
sub8,Fall,2,ITRS,4,1921,15.0,D:\00-FLagship Project\SFU-IMU Dataset\IMU Dataset\sub8\Falls\RXV_ITRS_trial4.xlsx
sub8,Fall,2,LCC,1,1921,15.0,D:\00-FLagship Project\SFU-IMU Dataset\IMU Dataset\sub8\Falls\RXV_LCC_trial1.xlsx
sub8,Fall,2,LCC,2,1921,15.0,D:\00-FLagship Project\SFU-IMU Dataset\IMU Dataset\sub8\Falls\RXV_LCC_trial2.xlsx
sub8,Fall,2,LCC,3,1921,15.0,D:\00-FLagship Project\SFU-IMU Dataset\IMU Dataset\sub8\Falls\RXV_LCC_trial3.xlsx
sub8,Fall,2,slip,1,1921,15.0,D:\00-FLagship Project\SFU-IMU Dataset\IMU Dataset\sub8\Falls\RXV_slip_trial1.xlsx
sub8,Fall,2,slip,2,1921,15.0,D:\00-FLagship Project\SFU-IMU Dataset\IMU Dataset\sub8\Falls\RXV_slip_trial2.xlsx
sub8,Fall,2,slip,6,1922,15.00781,D:\00-FLagship Project\SFU-IMU Dataset\IMU Dataset\sub8\Falls\RXV_slip_trial6.xlsx
sub8,Fall,2,trip,1,1921,15.0,D:\00-FLagship Project\SFU-IMU Dataset\IMU Dataset\sub8\Falls\RXV_trip_trial1.xlsx
sub8,Fall,2,trip,3,1921,15.0,D:\00-FLagship Project\SFU-IMU Dataset\IMU Dataset\sub8\Falls\RXV_trip_trial3.xlsx
sub8,Fall,2,trip,6,1921,15.0,D:\00-FLagship Project\SFU-IMU Dataset\IMU Dataset\sub8\Falls\RXV_trip_trial6.xlsx
sub8,Near_Fall,1,CS,2,1921,15.0,D:\00-FLagship Project\SFU-IMU Dataset\IMU Dataset\sub8\Near_Falls\RXV_CS_trial2.xlsx
sub8,Near_Fall,1,CS,3,1921,15.0,D:\00-FLagship Project\SFU-IMU Dataset\IMU Dataset\sub8\Near_Falls\RXV_CS_trial3.xlsx
sub8,Near_Fall,1,CS,5,1921,15.0,D:\00-FLagship Project\SFU-IMU Dataset\IMU Dataset\sub8\Near_Falls\RXV_CS_trial5.xlsx
sub8,Near_Fall,1,HB,1,1921,15.0,D:\00-FLagship Project\SFU-IMU Dataset\IMU Dataset\sub8\Near_Falls\RXV_HB_trial1.xlsx
sub8,Near_Fall,1,HB,4,1921,15.0,D:\00-FLagship Project\SFU-IMU Dataset\IMU Dataset\sub8\Near_Falls\RXV_HB_trial4.xlsx
sub8,Near_Fall,1,HB,6,1921,15.0,D:\00-FLagship Project\SFU-IMU Dataset\IMU Dataset\sub8\Near_Falls\RXV_HB_trial6.xlsx
sub8,Near_Fall,1,ITRS,2,1921,15.0,D:\00-FLagship Project\SFU-IMU Dataset\IMU Dataset\sub8\Near_Falls\RXV_ITRS_trial2.xlsx
sub8,Near_Fall,1,ITRS,5,1921,15.0,D:\00-FLagship Project\SFU-IMU Dataset\IMU Dataset\sub8\Near_Falls\RXV_ITRS_trial5.xlsx
sub8,Near_Fall,1,ITRS,6,1921,15.0,D:\00-FLagship Project\SFU-IMU Dataset\IMU Dataset\sub8\Near_Falls\RXV_ITRS_trial6.xlsx
sub8,Near_Fall,1,slip,3,1921,15.0,D:\00-FLagship Project\SFU-IMU Dataset\IMU Dataset\sub8\Near_Falls\RXV_slip_trial3.xlsx
sub8,Near_Fall,1,slip,4,1921,15.0,D:\00-FLagship Project\SFU-IMU Dataset\IMU Dataset\sub8\Near_Falls\RXV_slip_trial4.xlsx
sub8,Near_Fall,1,slip,5,1921,15.0,D:\00-FLagship Project\SFU-IMU Dataset\IMU Dataset\sub8\Near_Falls\RXV_slip_trial5.xlsx
sub8,Near_Fall,1,trip,2,1921,15.0,D:\00-FLagship Project\SFU-IMU Dataset\IMU Dataset\sub8\Near_Falls\RXV_trip_trial2.xlsx
sub8,Near_Fall,1,trip,4,1921,15.0,D:\00-FLagship Project\SFU-IMU Dataset\IMU Dataset\sub8\Near_Falls\RXV_trip_trial4.xlsx
sub8,Near_Fall,1,trip,5,1921,15.0,D:\00-FLagship Project\SFU-IMU Dataset\IMU Dataset\sub8\Near_Falls\RXV_trip_trial5.xlsx
sub9,ADL,0,AS,1,2561,20.0,D:\00-FLagship Project\SFU-IMU Dataset\IMU Dataset\sub9\ADLs\SXT_AS_trial1.xlsx
sub9,ADL,0,AS,2,2561,20.0,D:\00-FLagship Project\SFU-IMU Dataset\IMU Dataset\sub9\ADLs\SXT_AS_trial2.xlsx
sub9,ADL,0,AS,3,2561,20.0,D:\00-FLagship Project\SFU-IMU Dataset\IMU Dataset\sub9\ADLs\SXT_AS_trial3.xlsx
sub9,ADL,0,DS,1,2562,20.00781,D:\00-FLagship Project\SFU-IMU Dataset\IMU Dataset\sub9\ADLs\SXT_DS_trial1.xlsx
sub9,ADL,0,DS,2,2561,20.0,D:\00-FLagship Project\SFU-IMU Dataset\IMU Dataset\sub9\ADLs\SXT_DS_trial2.xlsx
sub9,ADL,0,DS,3,2561,20.0,D:\00-FLagship Project\SFU-IMU Dataset\IMU Dataset\sub9\ADLs\SXT_DS_trial3.xlsx
sub9,ADL,0,DSL,1,1921,15.0,D:\00-FLagship Project\SFU-IMU Dataset\IMU Dataset\sub9\ADLs\SXT_DSL_trial1.xlsx
sub9,ADL,0,DSL,2,1921,15.0,D:\00-FLagship Project\SFU-IMU Dataset\IMU Dataset\sub9\ADLs\SXT_DSL_trial2.xlsx
sub9,ADL,0,DSL,3,1921,15.0,D:\00-FLagship Project\SFU-IMU Dataset\IMU Dataset\sub9\ADLs\SXT_DSL_trial3.xlsx
sub9,ADL,0,DSS,1,1921,15.0,D:\00-FLagship Project\SFU-IMU Dataset\IMU Dataset\sub9\ADLs\SXT_DSS_trial1.xlsx
sub9,ADL,0,DSS,2,1921,15.0,D:\00-FLagship Project\SFU-IMU Dataset\IMU Dataset\sub9\ADLs\SXT_DSS_trial2.xlsx
sub9,ADL,0,DSS,3,1921,15.0,D:\00-FLagship Project\SFU-IMU Dataset\IMU Dataset\sub9\ADLs\SXT_DSS_trial3.xlsx
sub9,ADL,0,NW,1,1921,15.0,D:\00-FLagship Project\SFU-IMU Dataset\IMU Dataset\sub9\ADLs\SXT_NW_trial1.xlsx
sub9,ADL,0,NW,2,1921,15.0,D:\00-FLagship Project\SFU-IMU Dataset\IMU Dataset\sub9\ADLs\SXT_NW_trial2.xlsx
sub9,ADL,0,NW,3,1921,15.0,D:\00-FLagship Project\SFU-IMU Dataset\IMU Dataset\sub9\ADLs\SXT_NW_trial3.xlsx
sub9,ADL,0,POG,1,1921,15.0,D:\00-FLagship Project\SFU-IMU Dataset\IMU Dataset\sub9\ADLs\SXT_POG_trial1.xlsx
sub9,ADL,0,POG,2,1921,15.0,D:\00-FLagship Project\SFU-IMU Dataset\IMU Dataset\sub9\ADLs\SXT_POG_trial2.xlsx
sub9,ADL,0,POG,3,1921,15.0,D:\00-FLagship Project\SFU-IMU Dataset\IMU Dataset\sub9\ADLs\SXT_POG_trial3.xlsx
sub9,ADL,0,RSS,1,1921,15.0,D:\00-FLagship Project\SFU-IMU Dataset\IMU Dataset\sub9\ADLs\SXT_RSS_trial1.xlsx
sub9,ADL,0,RSS,2,1921,15.0,D:\00-FLagship Project\SFU-IMU Dataset\IMU Dataset\sub9\ADLs\SXT_RSS_trial2.xlsx
sub9,ADL,0,RSS,3,1921,15.0,D:\00-FLagship Project\SFU-IMU Dataset\IMU Dataset\sub9\ADLs\SXT_RSS_trial3.xlsx
sub9,ADL,0,SQ,1,1921,15.0,D:\00-FLagship Project\SFU-IMU Dataset\IMU Dataset\sub9\ADLs\SXT_SQ_trial1.xlsx
sub9,ADL,0,SQ,2,1921,15.0,D:\00-FLagship Project\SFU-IMU Dataset\IMU Dataset\sub9\ADLs\SXT_SQ_trial2.xlsx
sub9,ADL,0,SQ,3,1921,15.0,D:\00-FLagship Project\SFU-IMU Dataset\IMU Dataset\sub9\ADLs\SXT_SQ_trial3.xlsx
sub9,Fall,2,CS,1,1921,15.0,D:\00-FLagship Project\SFU-IMU Dataset\IMU Dataset\sub9\Falls\SXT_CS_trial1.xlsx
sub9,Fall,2,CS,2,1921,15.0,D:\00-FLagship Project\SFU-IMU Dataset\IMU Dataset\sub9\Falls\SXT_CS_trial2.xlsx
sub9,Fall,2,CS,4,1921,15.0,D:\00-FLagship Project\SFU-IMU Dataset\IMU Dataset\sub9\Falls\SXT_CS_trial4.xlsx
sub9,Fall,2,HB,2,1922,15.007819999999999,D:\00-FLagship Project\SFU-IMU Dataset\IMU Dataset\sub9\Falls\SXT_HB_trial2.xlsx
sub9,Fall,2,HB,3,1921,15.0,D:\00-FLagship Project\SFU-IMU Dataset\IMU Dataset\sub9\Falls\SXT_HB_trial3.xlsx
sub9,Fall,2,HB,6,1921,15.0,D:\00-FLagship Project\SFU-IMU Dataset\IMU Dataset\sub9\Falls\SXT_HB_trial6.xlsx
sub9,Fall,2,ITDS,1,1921,15.0,D:\00-FLagship Project\SFU-IMU Dataset\IMU Dataset\sub9\Falls\SXT_ITDS_trial1.xlsx
sub9,Fall,2,ITDS,2,1921,15.0,D:\00-FLagship Project\SFU-IMU Dataset\IMU Dataset\sub9\Falls\SXT_ITDS_trial2.xlsx
sub9,Fall,2,ITDS,3,1921,15.0,D:\00-FLagship Project\SFU-IMU Dataset\IMU Dataset\sub9\Falls\SXT_ITDS_trial3.xlsx
sub9,Fall,2,ITRS,1,1921,15.0,D:\00-FLagship Project\SFU-IMU Dataset\IMU Dataset\sub9\Falls\SXT_ITRS_trial1.xlsx
sub9,Fall,2,ITRS,2,1921,15.0,D:\00-FLagship Project\SFU-IMU Dataset\IMU Dataset\sub9\Falls\SXT_ITRS_trial2.xlsx
sub9,Fall,2,ITRS,4,1921,15.0,D:\00-FLagship Project\SFU-IMU Dataset\IMU Dataset\sub9\Falls\SXT_ITRS_trial4.xlsx
sub9,Fall,2,LCC,1,1921,15.0,D:\00-FLagship Project\SFU-IMU Dataset\IMU Dataset\sub9\Falls\SXT_LCC_trial1.xlsx
sub9,Fall,2,LCC,2,1921,15.0,D:\00-FLagship Project\SFU-IMU Dataset\IMU Dataset\sub9\Falls\SXT_LCC_trial2.xlsx
sub9,Fall,2,LCC,3,1922,15.00781,D:\00-FLagship Project\SFU-IMU Dataset\IMU Dataset\sub9\Falls\SXT_LCC_trial3.xlsx
sub9,Fall,2,slip,1,1921,15.0,D:\00-FLagship Project\SFU-IMU Dataset\IMU Dataset\sub9\Falls\SXT_slip_trial1.xlsx
sub9,Fall,2,slip,2,1921,15.0,D:\00-FLagship Project\SFU-IMU Dataset\IMU Dataset\sub9\Falls\SXT_slip_trial2.xlsx
sub9,Fall,2,slip,4,1921,15.0,D:\00-FLagship Project\SFU-IMU Dataset\IMU Dataset\sub9\Falls\SXT_slip_trial4.xlsx
sub9,Fall,2,trip,1,1921,15.0,D:\00-FLagship Project\SFU-IMU Dataset\IMU Dataset\sub9\Falls\SXT_trip_trial1.xlsx
sub9,Fall,2,trip,2,1921,15.0,D:\00-FLagship Project\SFU-IMU Dataset\IMU Dataset\sub9\Falls\SXT_trip_trial2.xlsx
sub9,Fall,2,trip,4,1921,15.0,D:\00-FLagship Project\SFU-IMU Dataset\IMU Dataset\sub9\Falls\SXT_trip_trial4.xlsx
sub9,Near_Fall,1,CS,3,1921,15.0,D:\00-FLagship Project\SFU-IMU Dataset\IMU Dataset\sub9\Near_Falls\SXT_CS_trial3.xlsx
sub9,Near_Fall,1,CS,5,1921,15.0,D:\00-FLagship Project\SFU-IMU Dataset\IMU Dataset\sub9\Near_Falls\SXT_CS_trial5.xlsx
sub9,Near_Fall,1,CS,6,1921,15.0,D:\00-FLagship Project\SFU-IMU Dataset\IMU Dataset\sub9\Near_Falls\SXT_CS_trial6.xlsx
sub9,Near_Fall,1,HB,1,1921,15.0,D:\00-FLagship Project\SFU-IMU Dataset\IMU Dataset\sub9\Near_Falls\SXT_HB_trial1.xlsx
sub9,Near_Fall,1,HB,4,1921,15.0,D:\00-FLagship Project\SFU-IMU Dataset\IMU Dataset\sub9\Near_Falls\SXT_HB_trial4.xlsx
sub9,Near_Fall,1,HB,5,1921,15.0,D:\00-FLagship Project\SFU-IMU Dataset\IMU Dataset\sub9\Near_Falls\SXT_HB_trial5.xlsx
sub9,Near_Fall,1,ITRS,3,1921,15.0,D:\00-FLagship Project\SFU-IMU Dataset\IMU Dataset\sub9\Near_Falls\SXT_ITRS_trial3.xlsx
sub9,Near_Fall,1,ITRS,5,1921,15.0,D:\00-FLagship Project\SFU-IMU Dataset\IMU Dataset\sub9\Near_Falls\SXT_ITRS_trial5.xlsx
sub9,Near_Fall,1,ITRS,6,1922,15.007819999999999,D:\00-FLagship Project\SFU-IMU Dataset\IMU Dataset\sub9\Near_Falls\SXT_ITRS_trial6.xlsx
sub9,Near_Fall,1,slip,3,1921,15.0,D:\00-FLagship Project\SFU-IMU Dataset\IMU Dataset\sub9\Near_Falls\SXT_slip_trial3.xlsx
sub9,Near_Fall,1,slip,5,1921,15.0,D:\00-FLagship Project\SFU-IMU Dataset\IMU Dataset\sub9\Near_Falls\SXT_slip_trial5.xlsx
sub9,Near_Fall,1,slip,6,1921,15.0,D:\00-FLagship Project\SFU-IMU Dataset\IMU Dataset\sub9\Near_Falls\SXT_slip_trial6.xlsx
sub9,Near_Fall,1,trip,3,1921,15.0,D:\00-FLagship Project\SFU-IMU Dataset\IMU Dataset\sub9\Near_Falls\SXT_trip_trial3.xlsx
sub9,Near_Fall,1,trip,5,1921,15.0,D:\00-FLagship Project\SFU-IMU Dataset\IMU Dataset\sub9\Near_Falls\SXT_trip_trial5.xlsx
sub9,Near_Fall,1,trip,6,1921,15.0,D:\00-FLagship Project\SFU-IMU Dataset\IMU Dataset\sub9\Near_Falls\SXT_trip_trial6.xlsx
sub10,ADL,0,AS,1,2561,20.0,D:\00-FLagship Project\SFU-IMU Dataset\IMU Dataset\sub10\ADLs\VXM_AS_trial1.xlsx
sub10,ADL,0,AS,2,2561,20.0,D:\00-FLagship Project\SFU-IMU Dataset\IMU Dataset\sub10\ADLs\VXM_AS_trial2.xlsx
sub10,ADL,0,AS,3,2561,20.0,D:\00-FLagship Project\SFU-IMU Dataset\IMU Dataset\sub10\ADLs\VXM_AS_trial3.xlsx
sub10,ADL,0,DS,1,2561,20.0,D:\00-FLagship Project\SFU-IMU Dataset\IMU Dataset\sub10\ADLs\VXM_DS_trial1.xlsx
sub10,ADL,0,DS,2,2561,20.0,D:\00-FLagship Project\SFU-IMU Dataset\IMU Dataset\sub10\ADLs\VXM_DS_trial2.xlsx
sub10,ADL,0,DS,3,2561,20.0,D:\00-FLagship Project\SFU-IMU Dataset\IMU Dataset\sub10\ADLs\VXM_DS_trial3.xlsx
sub10,ADL,0,DSL,1,1921,15.0,D:\00-FLagship Project\SFU-IMU Dataset\IMU Dataset\sub10\ADLs\VXM_DSL_trial1.xlsx
sub10,ADL,0,DSL,2,1921,15.0,D:\00-FLagship Project\SFU-IMU Dataset\IMU Dataset\sub10\ADLs\VXM_DSL_trial2.xlsx
sub10,ADL,0,DSL,3,1921,15.0,D:\00-FLagship Project\SFU-IMU Dataset\IMU Dataset\sub10\ADLs\VXM_DSL_trial3.xlsx
sub10,ADL,0,DSS,1,1921,15.0,D:\00-FLagship Project\SFU-IMU Dataset\IMU Dataset\sub10\ADLs\VXM_DSS_trial1.xlsx
sub10,ADL,0,DSS,2,1921,15.0,D:\00-FLagship Project\SFU-IMU Dataset\IMU Dataset\sub10\ADLs\VXM_DSS_trial2.xlsx
sub10,ADL,0,DSS,3,1921,15.0,D:\00-FLagship Project\SFU-IMU Dataset\IMU Dataset\sub10\ADLs\VXM_DSS_trial3.xlsx
sub10,ADL,0,NW,1,1921,15.0,D:\00-FLagship Project\SFU-IMU Dataset\IMU Dataset\sub10\ADLs\VXM_NW_trial1.xlsx
sub10,ADL,0,NW,2,1921,15.0,D:\00-FLagship Project\SFU-IMU Dataset\IMU Dataset\sub10\ADLs\VXM_NW_trial2.xlsx
sub10,ADL,0,NW,3,1921,15.0,D:\00-FLagship Project\SFU-IMU Dataset\IMU Dataset\sub10\ADLs\VXM_NW_trial3.xlsx
sub10,ADL,0,POG,1,1921,15.0,D:\00-FLagship Project\SFU-IMU Dataset\IMU Dataset\sub10\ADLs\VXM_POG_trial1.xlsx
sub10,ADL,0,POG,2,1921,15.0,D:\00-FLagship Project\SFU-IMU Dataset\IMU Dataset\sub10\ADLs\VXM_POG_trial2.xlsx
sub10,ADL,0,POG,3,1921,15.0,D:\00-FLagship Project\SFU-IMU Dataset\IMU Dataset\sub10\ADLs\VXM_POG_trial3.xlsx
sub10,ADL,0,RSS,1,1921,15.0,D:\00-FLagship Project\SFU-IMU Dataset\IMU Dataset\sub10\ADLs\VXM_RSS_trial1.xlsx
sub10,ADL,0,RSS,2,1921,15.0,D:\00-FLagship Project\SFU-IMU Dataset\IMU Dataset\sub10\ADLs\VXM_RSS_trial2.xlsx
sub10,ADL,0,RSS,3,1921,15.0,D:\00-FLagship Project\SFU-IMU Dataset\IMU Dataset\sub10\ADLs\VXM_RSS_trial3.xlsx
sub10,ADL,0,SQ,1,1921,15.0,D:\00-FLagship Project\SFU-IMU Dataset\IMU Dataset\sub10\ADLs\VXM_SQ_trial1.xlsx
sub10,ADL,0,SQ,2,1921,15.0,D:\00-FLagship Project\SFU-IMU Dataset\IMU Dataset\sub10\ADLs\VXM_SQ_trial2.xlsx
sub10,ADL,0,SQ,3,1921,15.0,D:\00-FLagship Project\SFU-IMU Dataset\IMU Dataset\sub10\ADLs\VXM_SQ_trial3.xlsx
sub10,Fall,2,CS,2,1921,15.0,D:\00-FLagship Project\SFU-IMU Dataset\IMU Dataset\sub10\Falls\VXM_CS_trial2.xlsx
sub10,Fall,2,CS,3,1921,15.0,D:\00-FLagship Project\SFU-IMU Dataset\IMU Dataset\sub10\Falls\VXM_CS_trial3.xlsx
sub10,Fall,2,CS,4,1921,15.0,D:\00-FLagship Project\SFU-IMU Dataset\IMU Dataset\sub10\Falls\VXM_CS_trial4.xlsx
sub10,Fall,2,HB,2,1921,15.0,D:\00-FLagship Project\SFU-IMU Dataset\IMU Dataset\sub10\Falls\VXM_HB_trial2.xlsx
sub10,Fall,2,HB,3,1921,15.0,D:\00-FLagship Project\SFU-IMU Dataset\IMU Dataset\sub10\Falls\VXM_HB_trial3.xlsx
sub10,Fall,2,HB,5,1921,15.0,D:\00-FLagship Project\SFU-IMU Dataset\IMU Dataset\sub10\Falls\VXM_HB_trial5.xlsx
sub10,Fall,2,ITDS,1,1921,15.0,D:\00-FLagship Project\SFU-IMU Dataset\IMU Dataset\sub10\Falls\VXM_ITDS_trial1.xlsx
sub10,Fall,2,ITDS,2,1921,15.0,D:\00-FLagship Project\SFU-IMU Dataset\IMU Dataset\sub10\Falls\VXM_ITDS_trial2.xlsx
sub10,Fall,2,ITDS,3,1921,15.0,D:\00-FLagship Project\SFU-IMU Dataset\IMU Dataset\sub10\Falls\VXM_ITDS_trial3.xlsx
sub10,Fall,2,ITRS,1,1921,15.0,D:\00-FLagship Project\SFU-IMU Dataset\IMU Dataset\sub10\Falls\VXM_ITRS_trial1.xlsx
sub10,Fall,2,ITRS,2,1921,15.0,D:\00-FLagship Project\SFU-IMU Dataset\IMU Dataset\sub10\Falls\VXM_ITRS_trial2.xlsx
sub10,Fall,2,ITRS,4,1921,15.0,D:\00-FLagship Project\SFU-IMU Dataset\IMU Dataset\sub10\Falls\VXM_ITRS_trial4.xlsx
sub10,Fall,2,LCC,1,1921,15.0,D:\00-FLagship Project\SFU-IMU Dataset\IMU Dataset\sub10\Falls\VXM_LCC_trial1.xlsx
sub10,Fall,2,LCC,2,1921,15.0,D:\00-FLagship Project\SFU-IMU Dataset\IMU Dataset\sub10\Falls\VXM_LCC_trial2.xlsx
sub10,Fall,2,LCC,3,1921,15.0,D:\00-FLagship Project\SFU-IMU Dataset\IMU Dataset\sub10\Falls\VXM_LCC_trial3.xlsx
sub10,Fall,2,slip,1,1921,15.0,D:\00-FLagship Project\SFU-IMU Dataset\IMU Dataset\sub10\Falls\VXM_slip_trial1.xlsx
sub10,Fall,2,slip,2,1921,15.0,D:\00-FLagship Project\SFU-IMU Dataset\IMU Dataset\sub10\Falls\VXM_slip_trial2.xlsx
sub10,Fall,2,slip,5,1921,15.0,D:\00-FLagship Project\SFU-IMU Dataset\IMU Dataset\sub10\Falls\VXM_slip_trial5.xlsx
sub10,Fall,2,trip,1,1921,15.0,D:\00-FLagship Project\SFU-IMU Dataset\IMU Dataset\sub10\Falls\VXM_trip_trial1.xlsx
sub10,Fall,2,trip,4,1921,15.0,D:\00-FLagship Project\SFU-IMU Dataset\IMU Dataset\sub10\Falls\VXM_trip_trial4.xlsx
sub10,Fall,2,trip,5,1921,15.0,D:\00-FLagship Project\SFU-IMU Dataset\IMU Dataset\sub10\Falls\VXM_trip_trial5.xlsx
sub10,Near_Fall,1,CS,1,1921,15.0,D:\00-FLagship Project\SFU-IMU Dataset\IMU Dataset\sub10\Near_Falls\VXM_CS_trial1.xlsx
sub10,Near_Fall,1,CS,5,1921,15.0,D:\00-FLagship Project\SFU-IMU Dataset\IMU Dataset\sub10\Near_Falls\VXM_CS_trial5.xlsx
sub10,Near_Fall,1,CS,6,1921,15.0,D:\00-FLagship Project\SFU-IMU Dataset\IMU Dataset\sub10\Near_Falls\VXM_CS_trial6.xlsx
sub10,Near_Fall,1,HB,1,1921,15.0,D:\00-FLagship Project\SFU-IMU Dataset\IMU Dataset\sub10\Near_Falls\VXM_HB_trial1.xlsx
sub10,Near_Fall,1,HB,4,1921,15.0,D:\00-FLagship Project\SFU-IMU Dataset\IMU Dataset\sub10\Near_Falls\VXM_HB_trial4.xlsx
sub10,Near_Fall,1,HB,6,1921,15.0,D:\00-FLagship Project\SFU-IMU Dataset\IMU Dataset\sub10\Near_Falls\VXM_HB_trial6.xlsx
sub10,Near_Fall,1,ITRS,3,1921,15.0,D:\00-FLagship Project\SFU-IMU Dataset\IMU Dataset\sub10\Near_Falls\VXM_ITRS_trial3.xlsx
sub10,Near_Fall,1,ITRS,5,1921,15.0,D:\00-FLagship Project\SFU-IMU Dataset\IMU Dataset\sub10\Near_Falls\VXM_ITRS_trial5.xlsx
sub10,Near_Fall,1,ITRS,6,1921,15.0,D:\00-FLagship Project\SFU-IMU Dataset\IMU Dataset\sub10\Near_Falls\VXM_ITRS_trial6.xlsx
sub10,Near_Fall,1,slip,3,1921,15.0,D:\00-FLagship Project\SFU-IMU Dataset\IMU Dataset\sub10\Near_Falls\VXM_slip_trial3.xlsx
sub10,Near_Fall,1,slip,4,1921,15.0,D:\00-FLagship Project\SFU-IMU Dataset\IMU Dataset\sub10\Near_Falls\VXM_slip_trial4.xlsx
sub10,Near_Fall,1,slip,6,1921,15.0,D:\00-FLagship Project\SFU-IMU Dataset\IMU Dataset\sub10\Near_Falls\VXM_slip_trial6.xlsx
sub10,Near_Fall,1,trip,2,1921,15.0,D:\00-FLagship Project\SFU-IMU Dataset\IMU Dataset\sub10\Near_Falls\VXM_trip_trial2.xlsx
sub10,Near_Fall,1,trip,3,1921,15.0,D:\00-FLagship Project\SFU-IMU Dataset\IMU Dataset\sub10\Near_Falls\VXM_trip_trial3.xlsx
sub10,Near_Fall,1,trip,6,1921,15.0,D:\00-FLagship Project\SFU-IMU Dataset\IMU Dataset\sub10\Near_Falls\VXM_trip_trial6.xlsx
